Top pages,Clicks,Impressions,CTR,Position
https://thetubepackaging.com/,1421.0,259118.0,0.0055000000000000005,20.49
https://thetubepackaging.com/product/poster-mailing-tubes/,693.0,53498.0,0.013000000000000001,16.44
https://thetubepackaging.com/product/kraft-mailing-tubes/,658.0,28741.0,0.0229,18.23
https://thetubepackaging.com/product/large-cardboard-tubes/,401.0,43576.0,0.0092,12.8
https://thetubepackaging.com/product/cardboard-paper-tubes/,367.0,26172.0,0.013999999999999999,11.14
https://thetubepackaging.com/product/round-cardboard-tubes/,348.0,22141.0,0.015700000000000002,11.58
https://thetubepackaging.com/product/cosmetic-tubes/,291.0,67945.0,0.0043,16.63
https://thetubepackaging.com/product/large-paper-tubes/,202.0,15867.0,0.0127,11.31
https://thetubepackaging.com/product/tea-paper-tubes/,183.0,18342.0,0.01,10.91
https://thetubepackaging.com/product/kraft-paper-tubes/,166.0,9955.0,0.0167,11.92
https://thetubepackaging.com/product/square-paper-tubes/,139.0,6347.0,0.0219,12.13
https://thetubepackaging.com/product/paper-lip-balm-tubes/,123.0,22952.0,0.0054,23.19
https://thetubepackaging.com/product/cardboard-tube-packaging/,115.0,45095.0,0.0026,10.05
https://thetubepackaging.com/product/custom-shipping-tubes/,111.0,7773.0,0.0143,21.25
https://thetubepackaging.com/product/industrial-cardboard-tubes/,109.0,11199.0,0.0097,15.9
https://thetubepackaging.com/product/empty-lotion-tubes/,108.0,13978.0,0.0077,14.22
https://thetubepackaging.com/product/paper-tubes/,106.0,8326.0,0.0127,15.51
https://thetubepackaging.com/product/tube-food-packaging/,104.0,35432.0,0.0029,13.48
https://thetubepackaging.com/product/empty-lipgloss-tubes/,104.0,15857.0,0.0066,17.7
https://thetubepackaging.com/product/wrapping-paper-tubes/,104.0,13495.0,0.0077,10.32
https://thetubepackaging.com/product/cylinder-mailing-tubes/,98.0,9369.0,0.0105,15.89
https://thetubepackaging.com/product/lotion-tubes/,97.0,8147.0,0.011899999999999999,13.33
https://thetubepackaging.com/cosmetic-tubes-complete-packaging-guide-for-beauty-product-manufacturers/,89.0,13981.0,0.0064,9.7
https://thetubepackaging.com/product/paper-towel-tubes/,87.0,10815.0,0.008,9.31
https://thetubepackaging.com/product/white-paper-tubes/,81.0,8123.0,0.01,13.48
https://thetubepackaging.com/product/cardboard-toilet-paper/,79.0,33873.0,0.0023,6.47
https://thetubepackaging.com/product/deodorant-paper-tubes/,71.0,11877.0,0.006,16.39
https://thetubepackaging.com/product/black-paper-candle-tubes/,60.0,4067.0,0.0148,9.33
https://thetubepackaging.com/product/luxury-tube-packaging/,58.0,21792.0,0.0027,10.11
https://thetubepackaging.com/product/paper-lipstick-tubes/,55.0,10782.0,0.0051,14.61
https://thetubepackaging.com/product/white-paper-candle-tubes/,47.0,4030.0,0.011699999999999999,12.37
https://thetubepackaging.com/product/kraft-paper-candle-tubes/,40.0,4589.0,0.0087,11.43
https://thetubepackaging.com/product/small-paper-tubes/,39.0,12516.0,0.0031,12.71
https://thetubepackaging.com/product/skincare-tubes/,39.0,9897.0,0.0039000000000000003,13.79
https://thetubepackaging.com/product/plastic-tube-packaging/,34.0,12933.0,0.0026,24.75
https://thetubepackaging.com/5-industries-that-can-benefit-most-from-cardboard-tube-packaging/,34.0,3235.0,0.0105,11.53
https://thetubepackaging.com/product/candle-tube-packaging/,27.0,9093.0,0.003,11.41
https://thetubepackaging.com/product/white-lipstick-tubes/,18.0,5382.0,0.0033,10.98
https://thetubepackaging.com/6-design-ideas-for-custom-square-paper-tubes/,13.0,1416.0,0.0092,8.98
https://thetubepackaging.com/about-us/,13.0,1323.0,0.0098,29.93
https://thetubepackaging.com/shop/,8.0,10731.0,0.0007000000000000001,12.34
https://thetubepackaging.com/contact-us/,8.0,1134.0,0.0070999999999999995,27.12
https://thetubepackaging.com/product-category/custom-cardboard-tubes/,7.0,13194.0,0.0005,11.67
https://thetubepackaging.com/cardboard-tubes-for-business-effective-solutions-for-packaging-and-storage/,7.0,3004.0,0.0023,25.32
https://thetubepackaging.com/the-ultimate-guide-to-tube-packaging-from-food-to-industrial-applications/,4.0,873.0,0.0046,16.88
https://thetubepackaging.com/product-category/mailing-tubes/,3.0,11585.0,0.0003,10.54
https://thetubepackaging.com/product-category/specialty-tubes/,3.0,7125.0,0.0004,13.05
https://thetubepackaging.com/5-ways-large-cardboard-tubes-boost-product-protection/,2.0,968.0,0.0021,21.39
https://thetubepackaging.com/why-wrapping-paper-tubes-are-the-future-of-gift-packaging/,2.0,702.0,0.0028000000000000004,9.96
https://thetubepackaging.com/product-category/custom-paper-tubes/,1.0,10020.0,0.0001,10.04
https://thetubepackaging.com/refund_returns/,1.0,375.0,0.0027,16.9
https://thetubepackaging.com/terms-conditions/,1.0,235.0,0.0043,19.77
https://thetubepackaging.com/wp-content/uploads/2024/07/Custom-Cosmetic-Tubes.jpg,1.0,35.0,0.0286,16.14
https://thetubepackaging.com/wp-content/uploads/2024/07/Cardboard-Tube-Packaging-1200x900.jpg,1.0,26.0,0.0385,21.42
https://thetubepackaging.com/wp-content/uploads/2024/07/Custom-Paper-Lip-Balm-packaging.jpg,1.0,15.0,0.0667,24.2
https://thetubepackaging.com/author/shanimazhar82gmail-com/,1.0,11.0,0.0909,4.27
https://thetubepackaging.com/product/white-paper-tubes/?add-to-cart=206,1.0,1.0,1.0,59.0
https://thetubepackaging.com/product-category/custom-plastic-tubes/,0.0,2834.0,0.0,23.64
https://thetubepackaging.com/privacy-policy/,0.0,182.0,0.0,14.12
https://thetubepackaging.com/product/plastic-tube-packaging/?add-to-cart=201,0.0,117.0,0.0,40.09
https://thetubepackaging.com/thank-you/,0.0,60.0,0.0,9.22
https://thetubepackaging.com/category/information/,0.0,51.0,0.0,6.63
https://thetubepackaging.com/wp-content/uploads/2024/07/Packaging-Luxury-Tube.jpg,0.0,49.0,0.0,20.84
https://thetubepackaging.com/wp-content/uploads/2024/07/Empty-Lipgloss-Packaging.jpg,0.0,33.0,0.0,18.21
https://thetubepackaging.com/wp-content/uploads/2024/07/Tube-Luxury-Packaging.jpg,0.0,31.0,0.0,20.87
https://thetubepackaging.com/shop/page/3/,0.0,26.0,0.0,20.92
https://thetubepackaging.com/product/square-paper-tubes/?add-to-cart=106,0.0,22.0,0.0,69.55
https://thetubepackaging.com/wp-content/uploads/2024/07/Tube-Food-Packaging-1200x900.jpg,0.0,20.0,0.0,10.35
https://thetubepackaging.com/wp-content/uploads/2024/07/Cardboard-Toilet-Packaging.jpg,0.0,18.0,0.0,10.61
https://thetubepackaging.com/wp-content/uploads/2024/07/Food-Packaging.jpg,0.0,18.0,0.0,17.44
https://thetubepackaging.com/wp-content/uploads/2024/07/Cardboard-Toilet-Paper-1200x900.jpg,0.0,17.0,0.0,11.35
https://thetubepackaging.com/wp-content/uploads/2024/07/3-1024x1024.jpg,0.0,17.0,0.0,23.59
https://thetubepackaging.com/wp-content/uploads/2024/07/Poster-Mailing-Tubes-1200x900.jpg,0.0,14.0,0.0,14.14
https://thetubepackaging.com/product/cosmetic-tubes/?add-to-cart=206,0.0,14.0,0.0,72.64
https://thetubepackaging.com/wp-content/uploads/2024/07/Candle-Tube-Packaging-1200x900.jpg,0.0,13.0,0.0,14.69
https://thetubepackaging.com/shop/page/2/,0.0,13.0,0.0,17.38
https://thetubepackaging.com/product/cardboard-toilet-paper/?add-to-cart=164,0.0,13.0,0.0,57.0
https://thetubepackaging.com/wp-content/uploads/2024/07/Custom-Deodorant-Paper-Packaging.jpg,0.0,12.0,0.0,8.83
https://thetubepackaging.com/wp-content/uploads/2024/07/Custom-Cardboard-Toilet-Paper.jpg,0.0,12.0,0.0,18.42
https://thetubepackaging.com/wp-content/uploads/2024/07/Paper-Lip-Balm-Tubes-1200x900.jpg,0.0,12.0,0.0,19.92
https://thetubepackaging.com/wp-content/uploads/2024/07/Tube-Packaging.jpg,0.0,12.0,0.0,21.75
https://thetubepackaging.com/product/cosmetic-tubes/?add-to-cart=153,0.0,12.0,0.0,63.75
https://thetubepackaging.com/wp-content/uploads/2024/07/Custom-Wrapping-Paper-Tubes.jpg,0.0,11.0,0.0,14.0
https://thetubepackaging.com/wp-content/uploads/2024/07/Custom-Black-Paper-Tubes-Packaging.jpg,0.0,10.0,0.0,13.5
https://thetubepackaging.com/wp-content/uploads/2024/07/Kraft-Paper-Candle-Tubes-1200x900.jpg,0.0,10.0,0.0,17.2
https://thetubepackaging.com/product/white-paper-candle-tubes/?add-to-cart=206,0.0,10.0,0.0,49.2
https://thetubepackaging.com/product/cosmetic-tubes/?add-to-cart=226,0.0,10.0,0.0,75.7
https://thetubepackaging.com/wp-content/uploads/2024/07/Poster-Mailing-Tubes-1200x675.jpg,0.0,9.0,0.0,11.78
https://thetubepackaging.com/wp-content/uploads/2024/07/Paper-Lip-Balm-Tubes-1200x675.jpg,0.0,9.0,0.0,19.33
https://thetubepackaging.com/wp-content/uploads/2024/07/Custom-Paper-Lipstick-Packaging.jpg,0.0,9.0,0.0,19.78
https://thetubepackaging.com/wp-content/uploads/2024/07/Custom-Cylinder-Mailing-Tubes.jpg,0.0,8.0,0.0,15.25
https://thetubepackaging.com/wp-content/uploads/2024/07/Cardboard-Tube.jpg,0.0,8.0,0.0,16.12
https://thetubepackaging.com/wp-content/uploads/2024/07/Custom-Kraft-Paper-Candle-Tubes.jpg,0.0,8.0,0.0,19.12
https://thetubepackaging.com/wp-content/uploads/2024/07/Kraft-Paper-Tubes-Packaging.jpg,0.0,8.0,0.0,20.38
https://thetubepackaging.com/wp-content/uploads/2024/07/Custom-Lotion-Tubes-Packaging.jpg,0.0,7.0,0.0,17.71
https://thetubepackaging.com/wp-content/uploads/2024/07/Deodorant-Paper-Tubes-1200x900.jpg,0.0,6.0,0.0,7.5
https://thetubepackaging.com/wp-content/uploads/2024/07/White-Lipstick-Packaging.jpg,0.0,6.0,0.0,8.5
https://thetubepackaging.com/wp-content/uploads/2024/07/Custom-Paper-Lipstick-Tubes.jpg,0.0,6.0,0.0,12.67
https://thetubepackaging.com/product-category/custom-paper-tubes/page/2/,0.0,6.0,0.0,19.33
https://thetubepackaging.com/wp-content/uploads/2024/07/Custom-Empty-Lipgloss-Tubes.jpg,0.0,6.0,0.0,20.17
https://thetubepackaging.com/wp-content/uploads/2024/07/Kraft-Paper-Tubes-1200x900.jpg,0.0,6.0,0.0,35.33
https://thetubepackaging.com/product/cardboard-toilet-paper/?add-to-cart=96,0.0,6.0,0.0,47.67
https://thetubepackaging.com/product-category/Custom-Paper-Tubes/page/2/,0.0,6.0,0.0,72.33
https://thetubepackaging.com/wp-content/uploads/2024/07/Custom-White-Lipstick-Tubes.jpg,0.0,5.0,0.0,6.6
https://thetubepackaging.com/wp-content/uploads/2024/07/Custom-Deodorant-Paper-Tubes.jpg,0.0,5.0,0.0,12.6
https://thetubepackaging.com/wp-content/uploads/2024/07/Custom-Tube-Food-Packaging.jpg,0.0,5.0,0.0,15.8
https://thetubepackaging.com/wp-content/uploads/2024/07/Custom-Paper-Towel-Packaging.jpg,0.0,5.0,0.0,19.6
https://thetubepackaging.com/wp-content/uploads/2024/07/Tube-Food-Packaging-300x300.jpg,0.0,5.0,0.0,21.0
https://thetubepackaging.com/wp-content/uploads/2024/07/Custom-Large-Cardboard-Tubes.jpg,0.0,5.0,0.0,22.8
https://thetubepackaging.com/wp-content/uploads/2024/07/White-Paper-Packaging.jpg,0.0,5.0,0.0,27.8
https://thetubepackaging.com/wp-content/uploads/2024/07/Custom-Cardboard-Tube-Packaging.jpg,0.0,5.0,0.0,30.2
https://thetubepackaging.com/product/cosmetic-tubes/?add-to-cart=127,0.0,5.0,0.0,59.2
https://thetubepackaging.com/wp-content/uploads/2024/07/Luxury-Tube-Packaging-1-1200x900.jpg,0.0,4.0,0.0,8.75
https://thetubepackaging.com/wp-content/uploads/2024/07/Custom-Square-Paper-Packaging.jpg,0.0,4.0,0.0,9.0
https://thetubepackaging.com/wp-content/uploads/2024/07/Large-Paper-Tubes-1200x675.jpg,0.0,4.0,0.0,11.75
https://thetubepackaging.com/wp-content/uploads/2024/07/Cylinder-Mailing-Packaging.jpg,0.0,4.0,0.0,12.75
https://thetubepackaging.com/wp-content/uploads/2024/07/Tea-Paper-Tubes-1-1200x900.jpg,0.0,4.0,0.0,14.0
https://thetubepackaging.com/wp-content/uploads/2024/07/Cardboard-Tube-Packaging-1200x675.jpg,0.0,4.0,0.0,15.0
https://thetubepackaging.com/wp-content/uploads/2024/07/Large-Cardboard-Tubes-1200x675.jpg,0.0,4.0,0.0,16.75
https://thetubepackaging.com/wp-content/uploads/2024/07/Tea-Paper-Packaging.jpg,0.0,4.0,0.0,17.0
https://thetubepackaging.com/wp-content/uploads/2024/07/Tube-Plastic-Packaging.jpg,0.0,4.0,0.0,21.5
https://thetubepackaging.com/wp-content/uploads/2026/02/hero-tube-packaging-1.png,0.0,4.0,0.0,22.25
https://thetubepackaging.com/wp-content/uploads/2024/07/Wrapping-Paper-Tubes-1200x675.jpg,0.0,4.0,0.0,24.5
https://thetubepackaging.com/wp-content/uploads/2024/07/Custom-Kraft-Mailing-Tubes.jpg,0.0,4.0,0.0,25.5
https://thetubepackaging.com/wp-content/uploads/2024/07/Paper-Lip-Balm-packaging.jpg,0.0,4.0,0.0,30.0
https://thetubepackaging.com/wp-content/uploads/2024/07/Custom-Kraft-Paper-Tubes-Packaging.jpg,0.0,4.0,0.0,30.25
https://thetubepackaging.com/wp-content/uploads/2024/07/Skincare-Tubes-Packaging.jpg,0.0,4.0,0.0,31.25
https://thetubepackaging.com/product/wrapping-paper-tubes/?add-to-cart=86,0.0,4.0,0.0,53.25
https://thetubepackaging.com/product/industrial-cardboard-tubes/?add-to-cart=76,0.0,4.0,0.0,58.75
https://thetubepackaging.com/wp-content/uploads/2024/07/Industrial-Cardboard-Tubes-1200x900.jpg,0.0,3.0,0.0,6.67
https://thetubepackaging.com/wp-content/uploads/2024/07/Kraft-Mailing-Tubes-1200x900.jpg,0.0,3.0,0.0,8.0
https://thetubepackaging.com/wp-content/uploads/2024/07/Custom-White-Lipstick-Packaging.jpg,0.0,3.0,0.0,9.33
https://thetubepackaging.com/wp-content/uploads/2024/07/Tube-Food-Packaging.jpg,0.0,3.0,0.0,12.33
https://thetubepackaging.com/wp-content/uploads/2024/07/Custom-Square-Paper-Tubes.jpg,0.0,3.0,0.0,14.67
https://thetubepackaging.com/wp-content/uploads/2024/07/Shipping-Tubes.jpg,0.0,3.0,0.0,15.0
https://thetubepackaging.com/wp-content/uploads/2024/07/Custom-Cardboard-Toilet-Packaging.jpg,0.0,3.0,0.0,17.0
https://thetubepackaging.com/wp-content/uploads/2024/07/Custom-Candle-Tube-Packaging.jpg,0.0,3.0,0.0,19.67
https://thetubepackaging.com/wp-content/uploads/2024/07/Luxury-Packaging.jpg,0.0,3.0,0.0,19.67
https://thetubepackaging.com/wp-content/uploads/2024/07/Large-Cardboard-Tubes-1200x900.jpg,0.0,3.0,0.0,20.0
https://thetubepackaging.com/product/cylinder-mailing-tubes/?add-to-cart=81,0.0,3.0,0.0,20.67
https://thetubepackaging.com/wp-content/uploads/2024/07/Industrial-Cardboard-Tubes.jpg,0.0,3.0,0.0,32.67
https://thetubepackaging.com/wp-content/uploads/2024/07/Custom-Small-Paper-Packaging.jpg,0.0,3.0,0.0,38.0
https://thetubepackaging.com/wp-content/uploads/2024/07/Custom-Industrial-Cardboard-Tubes.jpg,0.0,3.0,0.0,41.0
https://thetubepackaging.com/wp-content/uploads/2024/07/Tube-Food-Packaging-1200x675.jpg,0.0,2.0,0.0,4.0
https://thetubepackaging.com/wp-content/uploads/2024/07/Deodorant-Paper-Packaging.jpg,0.0,2.0,0.0,6.5
https://thetubepackaging.com/wp-content/uploads/2024/07/Wrapping-Paper-Tubes.jpg,0.0,2.0,0.0,6.5
https://thetubepackaging.com/wp-content/uploads/2024/07/Custom-Round-Cardboard-Tubes.jpg,0.0,2.0,0.0,7.0
https://thetubepackaging.com/wp-content/uploads/2024/07/Square-Paper-Packaging.jpg,0.0,2.0,0.0,7.0
https://thetubepackaging.com/wp-content/uploads/2024/07/Custom-Shipping-Tubes-1200x675.jpg,0.0,2.0,0.0,8.5
https://thetubepackaging.com/wp-content/uploads/2024/07/Custom-Industrial-Tubes-packaging.jpg,0.0,2.0,0.0,9.5
https://thetubepackaging.com/wp-content/uploads/2024/07/Paper-Lipstick-Packaging.jpg,0.0,2.0,0.0,9.5
https://thetubepackaging.com/wp-content/uploads/2024/07/Custom-Shipping-Tubes-Packaging.jpg,0.0,2.0,0.0,10.5
https://thetubepackaging.com/wp-content/uploads/2024/07/Cardboard-Tube-Packaging-300x300.jpg,0.0,2.0,0.0,11.5
https://thetubepackaging.com/wp-content/uploads/2024/07/Cardboard-Paper-Tubes-1200x675.jpg,0.0,2.0,0.0,12.5
https://thetubepackaging.com/wp-content/uploads/2024/07/Paper-Tubes-Packaging.jpg,0.0,2.0,0.0,12.5
https://thetubepackaging.com/product/cardboard-paper-tubes/?add-to-cart=153,0.0,2.0,0.0,13.0
https://thetubepackaging.com/wp-content/uploads/2024/07/White-Paper-Tubes-1200x900.jpg,0.0,2.0,0.0,14.0
https://thetubepackaging.com/wp-content/uploads/2024/07/Large-Paper-Packaging.jpg,0.0,2.0,0.0,15.0
https://thetubepackaging.com/wp-content/uploads/2024/07/Custom-Large-Paper-Packaging.jpg,0.0,2.0,0.0,15.5
https://thetubepackaging.com/wp-content/uploads/2024/07/Kraft-Paper-Tubes-1200x675.jpg,0.0,2.0,0.0,17.5
https://thetubepackaging.com/wp-content/uploads/2024/07/Candle-Tube-Packaging-1200x675.jpg,0.0,2.0,0.0,19.5
https://thetubepackaging.com/product/tea-paper-tubes/?add-to-cart=206,0.0,2.0,0.0,20.5
https://thetubepackaging.com/wp-content/uploads/2024/07/Custom-Black-Paper-Candle-Tubes-1.jpg,0.0,2.0,0.0,22.0
https://thetubepackaging.com/wp-content/uploads/2024/07/Custom-Tea-Paper-Tubes.jpg,0.0,2.0,0.0,22.0
https://thetubepackaging.com/wp-content/uploads/2024/07/Wrapping-Paper-Tubes-1200x900.jpg,0.0,2.0,0.0,24.5
https://thetubepackaging.com/wp-content/uploads/2024/07/Candle-Packaging.jpg,0.0,2.0,0.0,25.0
https://thetubepackaging.com/wp-content/uploads/2024/07/Custom-Poster-Mailing-Tubes.jpg,0.0,2.0,0.0,25.0
https://thetubepackaging.com/wp-content/uploads/2024/07/Custom-Poster-Mailing-Packaging.jpg,0.0,2.0,0.0,26.5
https://thetubepackaging.com/wp-content/uploads/2024/07/Custom-Round-Cardboard-Packaging.jpg,0.0,2.0,0.0,28.0
https://thetubepackaging.com/wp-content/uploads/2024/07/Large-Cardboard-Tubes-600x600.jpg,0.0,2.0,0.0,28.0
https://thetubepackaging.com/product/paper-towel-tubes/?add-to-cart=158,0.0,2.0,0.0,30.0
https://thetubepackaging.com/product/poster-mailing-tubes/?add-to-cart=81,0.0,2.0,0.0,30.5
https://thetubepackaging.com/wp-content/uploads/2024/07/Custom-Empty-Lipgloss-Packaging.jpg,0.0,2.0,0.0,31.5
https://thetubepackaging.com/product/round-cardboard-tubes/?add-to-cart=60,0.0,2.0,0.0,43.5
https://thetubepackaging.com/product/white-paper-candle-tubes/?add-to-cart=153,0.0,2.0,0.0,47.5
https://thetubepackaging.com/product/white-paper-candle-tubes/?add-to-cart=127,0.0,2.0,0.0,50.5
https://thetubepackaging.com/product/industrial-cardboard-tubes/?add-to-cart=60,0.0,2.0,0.0,51.5
https://thetubepackaging.com/product/poster-mailing-tubes/?add-to-cart=189,0.0,2.0,0.0,55.5
https://thetubepackaging.com/product/skincare-tubes/?add-to-cart=216,0.0,2.0,0.0,71.5
https://thetubepackaging.com/product/large-cardboard-tubes/?add-to-cart=60,0.0,2.0,0.0,72.0
https://thetubepackaging.com/wp-content/uploads/2024/07/Poster-Mailing-Tubes-300x300.jpg,0.0,1.0,0.0,2.0
https://thetubepackaging.com/wp-content/uploads/2024/07/Custom-Black-Paper-Candle-Tubes-1-1200x900.jpg,0.0,1.0,0.0,3.0
https://thetubepackaging.com/product/kraft-paper-candle-tubes/?add-to-cart=111,0.0,1.0,0.0,4.0
https://thetubepackaging.com/product/paper-lip-balm-tubes/?add-to-cart=116,0.0,1.0,0.0,5.0
https://thetubepackaging.com/product/kraft-paper-tubes/?add-to-cart=164,0.0,1.0,0.0,6.0
https://thetubepackaging.com/wp-content/uploads/2024/07/Large-Cardboard-Tubes.jpg,0.0,1.0,0.0,6.0
https://thetubepackaging.com/wp-content/uploads/2024/07/Mailing-Tubes.jpg,0.0,1.0,0.0,6.0
https://thetubepackaging.com/wp-content/uploads/2024/07/Small-Paper-Tubes-1200x675.jpg,0.0,1.0,0.0,6.0
https://thetubepackaging.com/wp-content/uploads/2024/07/Tea-Paper-Tubes-1-1200x675.jpg,0.0,1.0,0.0,6.0
https://thetubepackaging.com/product/paper-lip-balm-tubes/?add-to-cart=132,0.0,1.0,0.0,7.0
https://thetubepackaging.com/product/square-paper-tubes/?add-to-cart=206,0.0,1.0,0.0,7.0
https://thetubepackaging.com/product/white-paper-tubes/?add-to-cart=132,0.0,1.0,0.0,7.0
https://thetubepackaging.com/wp-content/uploads/2024/07/Industrial-Tubes-packaging.jpg,0.0,1.0,0.0,7.0
https://thetubepackaging.com/wp-content/uploads/2024/07/Custom-Paper-Lip-Balm-Tubes.jpg,0.0,1.0,0.0,9.0
https://thetubepackaging.com/wp-content/uploads/2024/07/Cylinder-Mailing-Tubes-1200x675.jpg,0.0,1.0,0.0,9.0
https://thetubepackaging.com/wp-content/uploads/2024/07/Luxury-Tube-Packaging.jpg,0.0,1.0,0.0,9.0
https://thetubepackaging.com/wp-content/uploads/2024/07/Square-Paper-Tubes-1200x900.jpg,0.0,1.0,0.0,9.0
https://thetubepackaging.com/wp-content/uploads/2024/07/Luxury-Tube-Packaging-1200x675.jpg,0.0,1.0,0.0,10.0
https://thetubepackaging.com/product/kraft-paper-candle-tubes/?add-to-cart=206,0.0,1.0,0.0,11.0
https://thetubepackaging.com/wp-content/uploads/2024/07/Paper-Tubes-300x300.jpg,0.0,1.0,0.0,11.0
https://thetubepackaging.com/wp-content/uploads/2024/07/Custom-Food-Packaging.jpg,0.0,1.0,0.0,12.0
https://thetubepackaging.com/wp-content/uploads/2024/07/Large-Cardboard-Tubes-300x300.jpg,0.0,1.0,0.0,12.0
https://thetubepackaging.com/wp-content/uploads/2024/07/Custom-Skincare-Tubes.jpg,0.0,1.0,0.0,13.0
https://thetubepackaging.com/wp-content/uploads/2024/07/Custom-Small-Paper-Tubes.jpg,0.0,1.0,0.0,13.0
https://thetubepackaging.com/wp-content/uploads/2024/07/Tubes-packaging.jpg,0.0,1.0,0.0,13.0
https://thetubepackaging.com/wp-content/uploads/2024/07/Deodorant-Paper-Tubes-1200x675.jpg,0.0,1.0,0.0,14.0
https://thetubepackaging.com/wp-content/uploads/2024/07/Round-Cardboard-Tubes-300x300.jpg,0.0,1.0,0.0,14.0
https://thetubepackaging.com/wp-content/uploads/2024/07/Paper-Lip-Balm-Tubes.jpg,0.0,1.0,0.0,17.0
https://thetubepackaging.com/wp-content/uploads/2024/07/Custom-Large-Paper-Tubes.jpg,0.0,1.0,0.0,19.0
https://thetubepackaging.com/wp-content/uploads/2024/07/Empty-Lipgloss-Tubes-300x300.jpg,0.0,1.0,0.0,19.0
https://thetubepackaging.com/wp-content/uploads/2024/07/Large-Paper-Tubes-1200x900.jpg,0.0,1.0,0.0,19.0
https://thetubepackaging.com/wp-content/uploads/2024/07/Custom-Cylinder-Mailing-Packaging.jpg,0.0,1.0,0.0,21.0
https://thetubepackaging.com/wp-content/uploads/2024/07/Kraft-Mailing-Tubes-1024x1024.jpg,0.0,1.0,0.0,21.0
https://thetubepackaging.com/wp-content/uploads/2024/07/Paper-Towel-Tubes-300x300.jpg,0.0,1.0,0.0,21.0
https://thetubepackaging.com/wp-content/uploads/2024/07/Cosmetic-Tubes-1200x900.jpg,0.0,1.0,0.0,23.0
https://thetubepackaging.com/wp-content/uploads/2024/07/Custom-Large-Cardboard-Packaging.jpg,0.0,1.0,0.0,23.0
https://thetubepackaging.com/wp-content/uploads/2024/07/White-Lipstick-Tubes.jpg,0.0,1.0,0.0,23.0
https://thetubepackaging.com/wp-content/uploads/2024/07/Plastic-Tube-Packaging-1200x900.jpg,0.0,1.0,0.0,24.0
https://thetubepackaging.com/wp-content/uploads/2024/07/Large-Cardboard-Packaging.jpg,0.0,1.0,0.0,25.0
https://thetubepackaging.com/wp-content/uploads/2024/07/Large-Paper-Tubes-300x300.jpg,0.0,1.0,0.0,25.0
https://thetubepackaging.com/wp-content/uploads/2024/07/Custom-Paper-Tubes-Packaging.jpg,0.0,1.0,0.0,26.0
https://thetubepackaging.com/wp-content/uploads/2024/07/Industrial-Cardboard-Tubes-1200x675.jpg,0.0,1.0,0.0,26.0
https://thetubepackaging.com/wp-content/uploads/2024/07/Industrial-Cardboard-Tubes-300x300.jpg,0.0,1.0,0.0,26.0
https://thetubepackaging.com/wp-content/uploads/2024/07/Lotion-Tubes-300x300.jpg,0.0,1.0,0.0,26.0
https://thetubepackaging.com/wp-content/uploads/2024/07/Custom-Round-Cardboard-Tubes-1024x1024.jpg,0.0,1.0,0.0,27.0
https://thetubepackaging.com/wp-content/uploads/2024/07/Paper-Towel-Tubes-1200x900.jpg,0.0,1.0,0.0,27.0
https://thetubepackaging.com/wp-content/uploads/2024/07/Poster-Mailing-Tubes.jpg,0.0,1.0,0.0,28.0
https://thetubepackaging.com/wp-content/uploads/2024/07/Custom-White-Paper-Tubes.jpg,0.0,1.0,0.0,29.0
https://thetubepackaging.com/wp-content/uploads/2024/07/Round-Cardboard-Tubes-1200x900.jpg,0.0,1.0,0.0,29.0
https://thetubepackaging.com/wp-content/uploads/2024/07/Paper-Towel-Tubes-1200x675.jpg,0.0,1.0,0.0,30.0
https://thetubepackaging.com/wp-content/uploads/2024/07/Custom-Cardboard-Paper-Packaging.jpg,0.0,1.0,0.0,32.0
https://thetubepackaging.com/wp-content/uploads/2024/07/Custom-Tea-Paper-Packaging.jpg,0.0,1.0,0.0,32.0
https://thetubepackaging.com/wp-content/uploads/2024/07/Small-Paper-Packaging.jpg,0.0,1.0,0.0,33.0
https://thetubepackaging.com/wp-content/uploads/2024/07/Wrapping-Paper-Packaging.jpg,0.0,1.0,0.0,37.0
https://thetubepackaging.com/product/white-paper-candle-tubes/?add-to-cart=226,0.0,1.0,0.0,38.0
https://thetubepackaging.com/wp-content/uploads/2024/07/Custom-Plastic-Tube-Packaging.jpg,0.0,1.0,0.0,39.0
https://thetubepackaging.com/wp-content/uploads/2024/07/Poster-Mailing-Packaging.jpg,0.0,1.0,0.0,39.0
https://thetubepackaging.com/product/large-paper-tubes/?add-to-cart=164,0.0,1.0,0.0,45.0
https://thetubepackaging.com/product/black-paper-candle-tubes/?add-to-cart=132,0.0,1.0,0.0,49.0
https://thetubepackaging.com/product/black-paper-candle-tubes/?add-to-cart=96,0.0,1.0,0.0,49.0
https://thetubepackaging.com/product/custom-shipping-tubes/?add-to-cart=81,0.0,1.0,0.0,50.0
https://thetubepackaging.com/product/cardboard-paper-tubes/?add-to-cart=106,0.0,1.0,0.0,53.0
https://thetubepackaging.com/product/paper-tubes/?add-to-cart=132,0.0,1.0,0.0,53.0
https://thetubepackaging.com/product/empty-lotion-tubes/?add-to-cart=211,0.0,1.0,0.0,61.0
https://thetubepackaging.com/product/paper-tubes/?add-to-cart=116,0.0,1.0,0.0,62.0
https://thetubepackaging.com/product/custom-shipping-tubes/?add-to-cart=52,0.0,1.0,0.0,74.0
https://thetubepackaging.com/product/paper-tubes/?add-to-cart=127,0.0,1.0,0.0,75.0
https://thetubepackaging.com/product/square-paper-tubes/?add-to-cart=111,0.0,1.0,0.0,76.0
https://thetubepackaging.com/product/large-paper-tubes/?add-to-cart=132,0.0,1.0,0.0,79.0
https://thetubepackaging.com/product/large-paper-tubes/?add-to-cart=147,0.0,1.0,0.0,80.0
