Top queries,Clicks,Impressions,CTR,Position
tube packaging,228.0,19443.0,0.011699999999999999,7.55
paper tube packaging,125.0,9774.0,0.0128,10.68
cardboard tubes,123.0,6331.0,0.0194,11.27
mailing tubes,104.0,4200.0,0.0248,14.27
shipping tubes,103.0,2515.0,0.040999999999999995,14.9
the tube packaging,100.0,198.0,0.5051,1.2
cardboard tube packaging,70.0,12348.0,0.005699999999999999,9.46
paper tubes,69.0,4803.0,0.0144,14.14
poster shipping tubes,46.0,1466.0,0.031400000000000004,25.6
poster tubes,41.0,2369.0,0.0173,21.78
poster mailing tubes,40.0,3077.0,0.013000000000000001,13.24
custom tube packaging,39.0,4235.0,0.0092,16.76
cardboard tube,38.0,2023.0,0.018799999999999997,12.0
mailing tubes for posters,38.0,972.0,0.0391,9.68
paper tube,37.0,2566.0,0.0144,20.02
poster tube,35.0,1475.0,0.023700000000000002,37.36
shipping tubes for posters,31.0,525.0,0.059000000000000004,10.04
cardboard tubes for shipping,30.0,748.0,0.0401,12.99
poster tubes for shipping,30.0,509.0,0.058899999999999994,21.65
cardboard shipping tubes,28.0,608.0,0.0461,19.39
large cardboard tubes,25.0,4681.0,0.0053,16.81
shipping tube,24.0,2263.0,0.0106,11.39
mailing tube,23.0,800.0,0.0288,17.29
square cardboard tubes,23.0,560.0,0.041100000000000005,4.12
custom paper tubes,22.0,2810.0,0.0078000000000000005,12.54
cheap mailing tubes,20.0,462.0,0.0433,18.39
poster tube for shipping,19.0,490.0,0.0388,21.13
cardboard mailing tubes,17.0,217.0,0.0783,21.24
kraft tube packaging,16.0,1511.0,0.0106,9.94
heavy duty cardboard tubes,16.0,1213.0,0.0132,21.78
kraft tubes,16.0,717.0,0.0223,25.25
candle tube packaging,15.0,2316.0,0.006500000000000001,11.94
custom paper tube packaging,15.0,2144.0,0.006999999999999999,12.85
luxury tube packaging,14.0,1510.0,0.009300000000000001,6.76
cardboard tubes for crafts,14.0,1162.0,0.012,10.43
cheap poster tubes,14.0,112.0,0.125,17.89
paper tubes packaging,13.0,2387.0,0.0054,14.12
kraft paper tubes,13.0,1023.0,0.0127,12.4
wrapping paper tubes,12.0,1551.0,0.0077,3.37
empty lip gloss tubes,12.0,293.0,0.040999999999999995,20.83
mailing tubes bulk,12.0,209.0,0.0574,28.13
cosmetic tubes,11.0,3076.0,0.0036,17.65
packaging tubes,11.0,2245.0,0.0049,22.44
industrial cardboard tubes,11.0,2023.0,0.0054,18.84
kraft mailing tubes,11.0,1271.0,0.0087,20.68
tube packing,11.0,1121.0,0.0098,11.4
kraft paper tube packaging,11.0,1060.0,0.0104,10.77
paper towel tubes,11.0,818.0,0.0134,4.99
tube mailers,11.0,329.0,0.0334,18.29
cardboard cylinder packaging,10.0,2498.0,0.004,15.66
paper tube packaging for food,10.0,1835.0,0.0054,15.04
cardboard cylinders,10.0,1342.0,0.0075,6.12
square paper tube,10.0,295.0,0.0339,3.09
cosmetic tube packaging,9.0,2128.0,0.0042,10.86
cardboard tubes for packaging,9.0,1824.0,0.0049,14.99
lotion tubes,9.0,1530.0,0.0059,8.66
round paper tube packaging,9.0,833.0,0.0108,9.92
lotion tubes wholesale,9.0,209.0,0.0431,20.09
square cardboard tube,9.0,191.0,0.0471,2.98
large cardboard tube,8.0,785.0,0.0102,20.33
cardboard tubing,8.0,718.0,0.0111,13.12
small cardboard tubes,8.0,567.0,0.0141,13.53
round shipping tubes,8.0,129.0,0.062,16.82
usps poster tube,8.0,23.0,0.3478,7.65
cylinder tube packaging,7.0,1543.0,0.0045000000000000005,12.91
bulk mailing tubes,7.0,1450.0,0.0048,30.11
custom shipping tubes,7.0,1360.0,0.0051,14.88
custom mailing tubes,7.0,809.0,0.0087,39.39
thick cardboard tubes for crafts,7.0,702.0,0.01,9.02
tea tubes,7.0,447.0,0.015700000000000002,19.47
bulk poster tubes,7.0,349.0,0.020099999999999996,23.48
small paper tubes,7.0,276.0,0.0254,7.52
lipstick tubes,7.0,272.0,0.025699999999999997,17.95
cheap shipping tubes,7.0,245.0,0.0286,21.51
cardboard mailing tube,7.0,235.0,0.0298,27.83
poster mailer tubes,7.0,124.0,0.0565,7.39
packaging tube,6.0,1615.0,0.0037,14.9
large cardboard tubes free,6.0,1436.0,0.0042,7.69
carton tube packaging,6.0,1242.0,0.0048,11.53
tube boxes,6.0,1209.0,0.005,20.04
cosmetic tube suppliers,6.0,890.0,0.0067,34.36
paperboard tubes,6.0,870.0,0.0069,18.01
thick cardboard tubes,6.0,527.0,0.011399999999999999,11.89
poster shipping tube,6.0,378.0,0.0159,31.2
cardboard shipping tube,6.0,159.0,0.0377,18.39
black paper tube packaging,6.0,134.0,0.044800000000000006,9.55
empty lotion tubes wholesale,6.0,100.0,0.06,11.8
usps shipping tubes,6.0,91.0,0.0659,7.82
paper tubes for tea,6.0,88.0,0.0682,14.53
square paper tubes,6.0,86.0,0.0698,1.77
cheap cardboard tubes,6.0,80.0,0.075,8.3
tubes lip gloss clear batch,6.0,57.0,0.10529999999999999,9.25
cosmetic packaging,6.0,9.0,0.6667000000000001,2.67
cardboard tubes packaging,5.0,2278.0,0.0022,14.68
custom cosmetic tubes,5.0,2266.0,0.0022,23.18
custom cardboard tubes,5.0,2259.0,0.0022,20.96
cosmetic tube,5.0,2101.0,0.0024,8.22
tubular packaging,5.0,1978.0,0.0025,14.06
round cardboard tubes,5.0,1432.0,0.0034999999999999996,7.52
large tubes,5.0,1418.0,0.0034999999999999996,14.53
empty lipgloss tubes,5.0,1381.0,0.0036,2.4
lotion tube packaging,5.0,1210.0,0.0040999999999999995,16.6
tube packaging manufacturer,5.0,1085.0,0.0046,11.67
paper deodorant tubes,5.0,1063.0,0.004699999999999999,12.23
paper lip balm tubes,5.0,1026.0,0.0049,22.74
printed tube packaging,5.0,969.0,0.0052,16.8
paper tube tea packaging,5.0,687.0,0.0073,11.18
bulk cardboard tubes,5.0,648.0,0.0077,28.26
heavy cardboard tubes,5.0,622.0,0.008,18.57
wholesale cardboard tubes,5.0,572.0,0.0087,23.45
cosmetic tubes wholesale,5.0,546.0,0.0092,24.2
hard cardboard tubes,5.0,509.0,0.0098,15.42
paper chapstick tubes,5.0,384.0,0.013000000000000001,31.32
giant cardboard tube,5.0,374.0,0.0134,12.62
cardboard tube packaging near me,5.0,369.0,0.013600000000000001,14.43
large diameter cardboard tubes,5.0,344.0,0.014499999999999999,16.45
custom packaging tube,5.0,325.0,0.0154,20.57
bulk shipping tubes,5.0,239.0,0.0209,32.74
poster mailing tube,5.0,209.0,0.0239,15.03
empty lipstick tubes,5.0,150.0,0.0333,13.22
empty squeeze tubes for lotion,5.0,147.0,0.034,12.95
where to buy large cardboard tubes,5.0,117.0,0.042699999999999995,12.71
poster shipping boxes,5.0,108.0,0.0463,40.5
tube mailer,5.0,96.0,0.0521,8.58
heavy duty shipping tubes,5.0,86.0,0.0581,27.43
cardboard tube for shipping,5.0,78.0,0.0641,11.79
buy cardboard tubes,5.0,69.0,0.0725,6.72
shipping cardboard tubes,5.0,56.0,0.08929999999999999,13.5
tubes packaging,4.0,2164.0,0.0018,26.96
cardboard canister packaging,4.0,1492.0,0.0027,6.18
packaging tubes cardboard,4.0,1172.0,0.0034000000000000002,19.98
cardboard cylinder tubes,4.0,1063.0,0.0038,17.19
cardboard tubes for sale,4.0,977.0,0.0040999999999999995,19.78
lip gloss tubes wholesale,4.0,843.0,0.004699999999999999,30.88
tube box,4.0,836.0,0.0048,17.51
tea tube packaging,4.0,781.0,0.0051,13.46
custom poster tubes,4.0,777.0,0.0051,22.03
tube package,4.0,711.0,0.005600000000000001,4.94
lotion tube,4.0,689.0,0.0058,14.68
plastic tube packaging,4.0,665.0,0.006,29.75
candle tube,4.0,640.0,0.0062,7.92
poster roll tube,4.0,638.0,0.0063,19.58
cardboard tubes large,4.0,622.0,0.0064,21.82
toilet paper core,4.0,599.0,0.0067,2.27
paper tubes for packaging,4.0,594.0,0.0067,25.78
paper tube box,4.0,580.0,0.0069,18.92
cardboard cylinder,4.0,572.0,0.006999999999999999,9.21
cardboard lip balm tubes,4.0,528.0,0.0076,40.83
deodorant tubes,4.0,453.0,0.0088,18.89
poster packaging tube,4.0,417.0,0.0096,10.77
packing tubes,4.0,396.0,0.0101,9.77
cylinder mailing tube,4.0,355.0,0.0113,9.95
paper lipstick tubes,4.0,306.0,0.0131,6.03
white paper tube,4.0,266.0,0.015,6.92
kraft tube,4.0,185.0,0.0216,25.51
card board tubes,4.0,174.0,0.023,11.07
long cardboard tubes for crafts,4.0,159.0,0.0252,8.92
carboard tube,4.0,128.0,0.031200000000000002,15.73
lotion tubes packaging,4.0,120.0,0.0333,11.01
paper tubes wholesale,4.0,110.0,0.0364,7.75
cosmetic paper tube packaging,4.0,104.0,0.0385,12.9
custom printed shipping tubes,4.0,96.0,0.0417,22.88
gift wrap tubes,4.0,81.0,0.049400000000000006,8.69
poster tubes bulk,4.0,71.0,0.056299999999999996,15.28
tubes for mailing posters,4.0,70.0,0.0571,13.94
paper lip balm tubes wholesale,4.0,38.0,0.10529999999999999,11.05
shipping tube for poster,4.0,37.0,0.1081,14.59
poster shipping box,4.0,34.0,0.1176,26.29
mailer tubes,4.0,27.0,0.1481,10.81
paper mailing tubes,4.0,19.0,0.21050000000000002,15.0
cardboard tubes for concrete,4.0,17.0,0.2353,1.94
deodorant tubes bulk,4.0,15.0,0.2667,9.33
lip gloss tubes,4.0,11.0,0.3636,2.91
tube food packaging,3.0,3612.0,0.0008,12.88
paperboard tube packaging,3.0,2307.0,0.0013,10.4
tube packaging for food,3.0,1527.0,0.002,11.81
custom cardboard tube packaging,3.0,1309.0,0.0023,17.5
tube packaging for cosmetics,3.0,1153.0,0.0026,32.75
toilet paper tube,3.0,1092.0,0.0027,2.05
paper tube food packaging,3.0,1066.0,0.0028000000000000004,8.52
tub packaging,3.0,978.0,0.0031,12.55
paper tube container,3.0,916.0,0.0033,17.47
toilet paper carton,3.0,899.0,0.0033,7.4
tube pack,3.0,833.0,0.0036,9.13
paper towel tube,3.0,724.0,0.0040999999999999995,3.02
kraft paper candle tube,3.0,474.0,0.0063,14.5
large cardboard cylinder tubes,3.0,468.0,0.0064,4.14
kraft paper tube,3.0,452.0,0.0066,18.74
cardboard poster tube,3.0,438.0,0.0068000000000000005,24.41
cardboard paper tube packaging,3.0,431.0,0.006999999999999999,10.14
white paper tubes,3.0,402.0,0.0075,4.6
deodorant paper tube,3.0,275.0,0.0109,8.54
cardboard tube wholesale,3.0,272.0,0.011000000000000001,10.34
cardboard lipstick tubes,3.0,247.0,0.0121,11.92
paper tubes for crafts,3.0,244.0,0.0123,9.33
candle tubes,3.0,235.0,0.0128,12.97
wide cardboard tubes,3.0,233.0,0.0129,16.52
kraft packaging tubes,3.0,228.0,0.0132,22.75
cylinder cardboard tube,3.0,222.0,0.013500000000000002,11.9
tubes for shipping,3.0,164.0,0.0183,15.82
tea paper tube,3.0,158.0,0.019,7.33
lip gloss tubes empty,3.0,147.0,0.0204,17.97
kraft mailing tube,3.0,145.0,0.0207,19.19
kraft cardboard tubes,3.0,140.0,0.021400000000000002,21.36
cardboard poster tubes,3.0,136.0,0.022099999999999998,22.78
where to buy mailing tubes,3.0,131.0,0.0229,16.71
empty paper towel tubes,3.0,128.0,0.023399999999999997,8.55
cylindrical cardboard tubes,3.0,115.0,0.026099999999999998,11.65
mailing tube for poster,3.0,97.0,0.030899999999999997,15.86
poster mailer,3.0,94.0,0.0319,23.18
cookie tube packaging,3.0,89.0,0.0337,68.49
usps mailing tubes,3.0,80.0,0.0375,6.4
small shipping tubes,3.0,68.0,0.0441,25.66
mailing tubes for sale,3.0,54.0,0.0556,19.26
paper shipping tubes,3.0,54.0,0.0556,23.31
heavy cardboard tube,3.0,47.0,0.0638,8.64
packing tubes for shipping,3.0,35.0,0.0857,10.91
buy mailing tubes,3.0,30.0,0.1,15.3
lipgloss tubes,3.0,15.0,0.2,7.4
luxury tube,2.0,4665.0,0.0004,4.91
food tube packaging,2.0,3317.0,0.0006,18.67
custom paper tube,2.0,2091.0,0.001,16.72
luxury tubes,2.0,1498.0,0.0013,9.7
paper cylinder packaging,2.0,1445.0,0.0014000000000000002,18.25
luxurytube,2.0,1006.0,0.002,4.91
cardboard toilet paper roll,2.0,989.0,0.002,1.56
tube cardboard packaging,2.0,981.0,0.002,11.89
tube packaging suppliers,2.0,913.0,0.0022,17.94
cardboard tube boxes,2.0,911.0,0.0022,16.52
black paper candle tube,2.0,886.0,0.0023,4.51
cardboard packaging tube,2.0,853.0,0.0023,14.14
paperboard tubes packaging,2.0,821.0,0.0024,17.16
wholesale paper tube packaging,2.0,816.0,0.0025,10.65
cosmetic squeeze tubes wholesale,2.0,816.0,0.0025,23.21
paper tube wholesale,2.0,689.0,0.0029,14.03
eco friendly tube packaging,2.0,686.0,0.0029,26.86
paper tube packaging suppliers,2.0,684.0,0.0029,19.4
printed cardboard tube packaging,2.0,676.0,0.003,17.67
toilet paper roll cardboard,2.0,675.0,0.003,1.24
empty hand cream tubes,2.0,619.0,0.0032,12.8
long cardboard tubes,2.0,589.0,0.0034000000000000002,15.56
paper tube candle packaging,2.0,589.0,0.0034000000000000002,23.97
cardboard tube packaging wholesale,2.0,547.0,0.0037,10.27
empty cosmetic tubes,2.0,542.0,0.0037,24.92
cardboard paper tubes,2.0,504.0,0.004,16.34
paper tube package,2.0,497.0,0.004,11.96
tissue roll cardboard,2.0,473.0,0.0042,1.01
empty wrapping paper tubes,2.0,442.0,0.0045000000000000005,9.98
paper tube for packaging,2.0,423.0,0.004699999999999999,13.17
white paper tube packaging,2.0,420.0,0.0048,8.71
branded tube packaging,2.0,417.0,0.0048,22.28
heavy duty cardboard tube,2.0,400.0,0.005,19.25
big cardboard tubes,2.0,396.0,0.0051,15.05
heavy duty cardboard shipping tubes,2.0,380.0,0.0053,39.91
poster packaging,2.0,364.0,0.0055000000000000005,6.02
cardboard tubes near me,2.0,347.0,0.0058,12.3
bulk paper tubes,2.0,318.0,0.0063,9.72
kraft paper tubes wholesale,2.0,312.0,0.0064,6.8
paper candle tubes,2.0,304.0,0.0066,15.1
big cardboard tube,2.0,287.0,0.006999999999999999,16.19
cardboard cylinder tube,2.0,285.0,0.006999999999999999,16.99
poster tubes wholesale,2.0,262.0,0.0076,24.2
tube boxes wholesale,2.0,260.0,0.0077,10.76
lipstick tube,2.0,239.0,0.0084,16.84
tube box packaging,2.0,239.0,0.0084,36.81
cardboard tubes small,2.0,236.0,0.0085,11.31
kraft tubes wholesale,2.0,225.0,0.0089,13.56
carboard tubes,2.0,216.0,0.009300000000000001,12.38
small mailing tubes,2.0,213.0,0.009399999999999999,16.44
cardboard round tubes,2.0,212.0,0.009399999999999999,10.98
cardboard tubes bulk,2.0,195.0,0.0103,14.09
kraft paperboard tubes,2.0,192.0,0.0104,14.21
tea paper tubes,2.0,179.0,0.011200000000000002,3.8
black paper tube,2.0,179.0,0.011200000000000002,14.77
cylinder food packaging,2.0,178.0,0.011200000000000002,4.22
empty tubes for cream,2.0,172.0,0.0116,10.19
gift wrap tube,2.0,166.0,0.012,5.3
art shipping tubes,2.0,159.0,0.0126,22.01
cardboard storage tubes,2.0,153.0,0.0131,15.34
cardboard square tubes,2.0,143.0,0.013999999999999999,2.01
huge cardboard tube,2.0,141.0,0.014199999999999999,22.91
wholesale lipstick tubes,2.0,134.0,0.0149,38.46
paperboard tube,2.0,127.0,0.015700000000000002,8.3
large cardboard tubes for crafts,2.0,126.0,0.0159,8.05
large paper tubes,2.0,112.0,0.0179,7.87
tube for packaging,2.0,111.0,0.018000000000000002,9.87
cardboard craft tubes,2.0,108.0,0.018500000000000003,10.52
giant cardboard tubes,2.0,108.0,0.018500000000000003,11.2
cardboard tubes for fabric rolls,2.0,103.0,0.0194,26.53
lip balm paper tube,2.0,101.0,0.019799999999999998,33.61
circular cardboard tube,2.0,98.0,0.0204,6.42
lip gloss tubes 100 pack,2.0,97.0,0.0206,6.09
where can i buy poster tubes,2.0,95.0,0.021099999999999997,22.31
cardboard tube container,2.0,94.0,0.0213,5.18
large mailing tubes,2.0,78.0,0.0256,22.44
lipstick tubes bulk,2.0,60.0,0.0333,31.82
thin cardboard tubes,2.0,56.0,0.035699999999999996,16.55
tubes for posters,2.0,50.0,0.04,17.68
poster shipping,2.0,49.0,0.0408,36.2
poster tube for mailing,2.0,48.0,0.0417,14.42
shipping poster tubes,2.0,47.0,0.0426,21.23
poster boxes for shipping,2.0,45.0,0.0444,21.44
wholesale packaging tubes,2.0,45.0,0.0444,40.76
cardboard tubes for mailing,2.0,44.0,0.0455,24.64
tube for mailing posters,2.0,42.0,0.047599999999999996,11.69
lotion container tube,2.0,41.0,0.048799999999999996,8.34
lip gloss tube empty,2.0,41.0,0.048799999999999996,9.37
tube boxes for shipping,2.0,41.0,0.048799999999999996,27.83
corrugated cardboard tubes,2.0,41.0,0.048799999999999996,31.39
wholesale lipgloss tubes,2.0,40.0,0.05,28.77
poster shipping tubes near me,2.0,38.0,0.0526,10.76
large diameter cardboard tube,2.0,38.0,0.0526,13.11
empty lotion tube,2.0,36.0,0.0556,11.25
poster tube mailer,2.0,35.0,0.0571,10.03
craft tubes cardboard,2.0,33.0,0.060599999999999994,5.36
poster tube mailing,2.0,33.0,0.060599999999999994,20.82
1 inch cardboard tubes,2.0,29.0,0.069,8.55
tubes for shipping posters,2.0,27.0,0.0741,16.96
empty lotion containers,2.0,21.0,0.09519999999999999,12.33
carton tubes for packaging,2.0,20.0,0.1,7.75
lotion tubes bulk,2.0,20.0,0.1,7.8
cheapest mailing tubes,2.0,20.0,0.1,25.95
11x17 poster tube,2.0,17.0,0.1176,14.29
usps poster tubes,2.0,9.0,0.22219999999999998,8.89
cheap poster tube,2.0,8.0,0.25,8.0
large carboard tube,2.0,8.0,0.25,10.75
heavy duty kraft mailing tubes,2.0,7.0,0.2857,11.57
cardboard concrete form tube,2.0,6.0,0.3333,1.67
lip gloss containers,2.0,6.0,0.3333,12.17
packaging for loose leaf tea,2.0,5.0,0.4,29.0
storage tube,2.0,3.0,0.6667000000000001,3.67
cardboard tube for concrete,2.0,2.0,1.0,3.0
cosmetic containers,2.0,2.0,1.0,4.0
large tube,1.0,7100.0,0.0001,14.44
printed cardboard tubes,1.0,1988.0,0.0005,38.06
paper tube packaging wholesale,1.0,1656.0,0.0006,10.9
skincare tube packaging,1.0,1639.0,0.0006,25.59
cosmetic tube manufacturer,1.0,1581.0,0.0006,28.78
cosmetic tubes packaging,1.0,1508.0,0.0007000000000000001,26.48
eco friendly paper tube packaging,1.0,1477.0,0.0007000000000000001,15.5
cardboard tubing packaging,1.0,1182.0,0.0008,20.72
toilet paper cardboard tube,1.0,1176.0,0.0009,2.02
food packaging tubes,1.0,1171.0,0.0009,13.19
custom cylinder packaging,1.0,1035.0,0.001,21.84
cardboard tube food packaging,1.0,973.0,0.001,10.83
small tube packaging,1.0,969.0,0.001,10.95
cream tube packaging,1.0,905.0,0.0011,24.51
cardboard tubes wholesale,1.0,887.0,0.0011,11.64
paper tube manufacturer,1.0,847.0,0.0012,47.18
where to buy poster tubes,1.0,823.0,0.0012,31.44
cardboard tube containers,1.0,813.0,0.0012,10.07
printed tubes,1.0,801.0,0.0012,42.35
small cardboard tube packaging,1.0,780.0,0.0013,17.02
round mailing tubes,1.0,760.0,0.0013,23.73
cardboard cylinder containers,1.0,740.0,0.0014000000000000002,13.86
food grade paper tube packaging,1.0,740.0,0.0014000000000000002,41.36
empty lip gloss tubes wholesale,1.0,722.0,0.0014000000000000002,28.39
paper tube containers,1.0,720.0,0.0014000000000000002,17.47
tea tube,1.0,685.0,0.0015,18.74
food grade cardboard tubes,1.0,680.0,0.0015,34.61
printed paper tubes,1.0,676.0,0.0015,23.3
paper tube packaging manufacturer,1.0,633.0,0.0016,19.04
wholesale cosmetic tubes,1.0,583.0,0.0017000000000000001,19.68
hand cream tubes wholesale,1.0,578.0,0.0017000000000000001,21.56
cardboard tubes for fabric storage,1.0,576.0,0.0017000000000000001,17.44
empty ointment tubes,1.0,545.0,0.0018,14.47
black cardboard tube packaging,1.0,539.0,0.0019,21.29
paper tube deodorant,1.0,530.0,0.0019,10.91
wrapping paper tube,1.0,514.0,0.0019,7.52
cardboard canisters,1.0,494.0,0.002,9.07
custom tube box,1.0,478.0,0.0021,19.35
custom packaging tubes,1.0,470.0,0.0021,18.13
cylinder packaging,1.0,464.0,0.0022,29.09
cardboard deodorant tubes,1.0,460.0,0.0022,29.13
cosmetics tube packaging,1.0,458.0,0.0022,15.94
eco friendly lip balm tubes wholesale,1.0,454.0,0.0022,22.52
toilet roll cardboard,1.0,435.0,0.0023,1.43
cardboard canister,1.0,423.0,0.0024,26.42
white cardboard tubes,1.0,421.0,0.0024,29.73
cardboard food tubes,1.0,415.0,0.0024,15.21
black tube packaging,1.0,409.0,0.0024,35.84
sunscreen tube packaging,1.0,403.0,0.0025,48.21
empty lotion tubes,1.0,398.0,0.0025,10.03
small diameter paper tubes,1.0,380.0,0.0026,7.05
tubes for cosmetic products,1.0,376.0,0.0027,22.64
paper candle tube,1.0,374.0,0.0027,15.17
tissue roll carton,1.0,368.0,0.0027,1.0
custom plastic tube packaging,1.0,355.0,0.0028000000000000004,16.87
plastic cosmetic tubes,1.0,355.0,0.0028000000000000004,24.18
kraft tubes packaging,1.0,333.0,0.003,11.81
cardboard tissue roll,1.0,323.0,0.0031,1.0
tea cylinder packaging,1.0,318.0,0.0031,30.26
paper tube lip balm,1.0,310.0,0.0032,32.18
tube packaging boxes,1.0,308.0,0.0032,29.34
where to buy cardboard tubes,1.0,306.0,0.0033,15.14
custom printed paper tubes,1.0,306.0,0.0033,16.37
tube paper packaging,1.0,301.0,0.0033,11.31
tube packages,1.0,299.0,0.0033,8.45
custom tube boxes,1.0,298.0,0.0034000000000000002,17.66
paper tube packaging usa,1.0,291.0,0.0034000000000000002,9.0
toilet paper cardboard tube size,1.0,276.0,0.0036,7.28
cylinder shipping tubes,1.0,274.0,0.0036,12.07
paper tube supplier,1.0,268.0,0.0037,25.28
custom plastic tubes,1.0,268.0,0.0037,44.56
wholesale paper tube,1.0,267.0,0.0037,21.69
bulk lip gloss tubes,1.0,264.0,0.0038,28.86
bespoke printed tubes,1.0,255.0,0.0039000000000000003,53.19
cosmetic packaging tube,1.0,247.0,0.004,14.85
eco lip balm tubes,1.0,246.0,0.0040999999999999995,38.74
kraft paper tube manufacturer,1.0,244.0,0.0040999999999999995,19.3
lipstick tube packaging,1.0,234.0,0.0043,15.28
cosmetic tube supplier,1.0,234.0,0.0043,20.34
postal tubes,1.0,230.0,0.0043,21.8
tube paper,1.0,229.0,0.0044,16.74
wrapping paper tubes for sale,1.0,213.0,0.004699999999999999,15.46
cosmetic tube packaging supplier,1.0,213.0,0.004699999999999999,19.56
white tubes,1.0,209.0,0.0048,17.41
tube printing,1.0,204.0,0.0049,30.65
white paper candle tube,1.0,203.0,0.0049,7.73
cardboard tubes with lids,1.0,197.0,0.0051,25.2
cardboard pipe,1.0,193.0,0.0052,14.96
black paper tubes,1.0,190.0,0.0053,15.36
empty tube,1.0,182.0,0.0055000000000000005,12.53
cardboard fabric tubes,1.0,179.0,0.005600000000000001,52.94
cardboard cosmetic tubes,1.0,177.0,0.005600000000000001,9.55
cardboard tubes nearby,1.0,171.0,0.0058,11.53
paper tube boxes,1.0,170.0,0.0059,11.46
tube packaging wholesale,1.0,161.0,0.0062,12.25
plastic tube packaging for food,1.0,161.0,0.0062,13.64
papertube,1.0,160.0,0.0062,35.35
mailing tubes near me,1.0,159.0,0.0063,13.53
plastic packaging tubes,1.0,158.0,0.0063,37.49
lip gloss tubes bulk,1.0,156.0,0.0064,30.18
paper tubes for sale,1.0,148.0,0.0068000000000000005,18.3
empty lipstick tubes wholesale,1.0,147.0,0.0068000000000000005,17.16
cosmetics tube,1.0,140.0,0.0070999999999999995,10.54
paper tube packaging supplier,1.0,137.0,0.0073,9.95
cylinder cardboard,1.0,134.0,0.0075,5.69
heavy duty mailing tubes,1.0,127.0,0.0079,29.32
cardboard tub,1.0,127.0,0.0079,42.13
tube wholesale,1.0,126.0,0.0079,7.68
packaging tubes plastic,1.0,126.0,0.0079,32.88
buy poster tubes,1.0,120.0,0.0083,27.72
tube skincare,1.0,119.0,0.0084,6.92
shipping tubes near me,1.0,118.0,0.0085,12.21
sturdy cardboard tubes,1.0,117.0,0.0085,15.7
tea paper tube packaging,1.0,116.0,0.0086,9.93
heavy duty paper tubes,1.0,116.0,0.0086,25.72
packing tube,1.0,114.0,0.0088,9.9
extra large cardboard tubes,1.0,113.0,0.0088,6.5
print tubes,1.0,113.0,0.0088,32.37
shipping poster tube,1.0,112.0,0.0089,14.17
cardboard deodorant tubes wholesale,1.0,101.0,0.009899999999999999,30.5
empty lipstick tube,1.0,100.0,0.01,12.35
large cardboard tube packaging,1.0,100.0,0.01,21.54
cardboard postage tubes,1.0,97.0,0.0103,36.71
white paper candle tubes,1.0,96.0,0.0104,3.76
plastic packaging tube,1.0,96.0,0.0104,37.75
poster container tube,1.0,95.0,0.0105,8.97
round paper tube,1.0,95.0,0.0105,26.02
paper tube custom,1.0,94.0,0.0106,9.59
tube packaging for candles,1.0,93.0,0.0108,22.9
thick walled cardboard tubes,1.0,92.0,0.0109,14.53
custom mailing tube,1.0,91.0,0.011000000000000001,20.29
cardboard toilet roll,1.0,90.0,0.0111,1.07
paper towel tube diameter,1.0,88.0,0.011399999999999999,10.03
large cardboard tubes for concrete,1.0,87.0,0.0115,28.17
cylinder packaging tube,1.0,86.0,0.0116,9.59
art tubes for shipping,1.0,86.0,0.0116,41.91
paper tube lip balm packaging,1.0,85.0,0.0118,10.33
cylindrical mailing tube,1.0,84.0,0.011899999999999999,13.57
poster mailing tubes near me,1.0,81.0,0.0123,12.99
cardboard cylinders large,1.0,78.0,0.0128,7.42
round cardboard tube packaging,1.0,78.0,0.0128,12.35
shipping tubes nearby,1.0,78.0,0.0128,16.44
custom printed cosmetic tubes,1.0,77.0,0.013000000000000001,13.74
shipping cylinders,1.0,77.0,0.013000000000000001,38.22
cardboard core tubes,1.0,75.0,0.013300000000000001,18.25
tubes for shipping artwork,1.0,74.0,0.013500000000000002,36.62
packing tubes for posters,1.0,73.0,0.0137,13.1
poster tubes for mailing,1.0,73.0,0.0137,16.66
heavy duty cardboard tubes near me,1.0,72.0,0.0139,31.76
poster mailing,1.0,70.0,0.0143,11.37
black paper candle tubes,1.0,69.0,0.014499999999999999,1.93
small poster tubes,1.0,67.0,0.0149,9.31
empty tube for cream,1.0,67.0,0.0149,13.87
jumbo cardboard tubes,1.0,66.0,0.0152,7.5
tube carton packaging,1.0,65.0,0.0154,5.98
where to buy a poster tube,1.0,64.0,0.015600000000000001,25.66
where to buy shipping tubes,1.0,63.0,0.0159,12.9
thick wall cardboard tubes,1.0,63.0,0.0159,14.37
kraft shipping tubes,1.0,63.0,0.0159,18.94
poster cardboard tube,1.0,62.0,0.0161,15.23
cardboard mailer tube,1.0,62.0,0.0161,21.53
paper lipstick packaging,1.0,58.0,0.0172,2.14
kraft paper tubes packaging,1.0,58.0,0.0172,10.07
small cardboard tubes for crafts,1.0,57.0,0.0175,8.02
tissue cardboard roll,1.0,56.0,0.0179,1.0
small paper tube,1.0,56.0,0.0179,6.86
banner shipping tubes,1.0,55.0,0.0182,12.71
large cardboard tubing,1.0,54.0,0.018500000000000003,16.43
tube design ideas,1.0,53.0,0.0189,3.68
refillable lotion tubes,1.0,52.0,0.0192,12.56
craft paper tubes,1.0,52.0,0.0192,14.73
lipgloss tube,1.0,51.0,0.0196,6.67
shipping tubes for art prints,1.0,49.0,0.0204,9.94
long mailing tubes,1.0,47.0,0.0213,19.06
cardboard tube sizes,1.0,46.0,0.0217,14.83
premium tube packaging,1.0,43.0,0.0233,6.26
cardboard tube large diameter,1.0,43.0,0.0233,15.98
buy cardboard tube,1.0,43.0,0.0233,27.56
lipgloss tubes empty,1.0,42.0,0.023799999999999998,7.48
poster tubes for sale,1.0,42.0,0.023799999999999998,16.5
food grade cylinder packaging,1.0,39.0,0.0256,13.82
tubes for mailing,1.0,38.0,0.0263,20.03
cosmetic squeeze tube manufacturer,1.0,37.0,0.027000000000000003,13.41
luxury paper tube packaging,1.0,37.0,0.027000000000000003,13.76
mailing poster tube,1.0,37.0,0.027000000000000003,15.41
custom squeeze tubes,1.0,37.0,0.027000000000000003,17.38
tube packaging for posters,1.0,37.0,0.027000000000000003,19.03
toilet paper roll core,1.0,36.0,0.0278,1.78
cardboard lipstick tube,1.0,36.0,0.0278,4.61
deodorant tubes wholesale,1.0,36.0,0.0278,24.31
paper tube packaging canada,1.0,33.0,0.030299999999999997,35.91
cylinder poster tube,1.0,32.0,0.031200000000000002,8.84
craft cardboard tubes,1.0,32.0,0.031200000000000002,9.19
square tube packaging,1.0,32.0,0.031200000000000002,9.44
cardboard wrapping paper tube,1.0,31.0,0.0323,12.32
food grade paper tube,1.0,30.0,0.0333,23.2
gift tube packaging,1.0,29.0,0.0345,13.52
blueprint shipping tubes,1.0,29.0,0.0345,16.55
banner tubes for shipping,1.0,28.0,0.035699999999999996,8.89
poster tube mailers,1.0,28.0,0.035699999999999996,16.82
large industrial cardboard tubes,1.0,27.0,0.037000000000000005,7.3
cardboard cylinders for crafts,1.0,27.0,0.037000000000000005,12.85
lip gloss squeeze tubes wholesale,1.0,27.0,0.037000000000000005,27.7
plastic paper tube,1.0,26.0,0.0385,8.27
single mailing tubes,1.0,26.0,0.0385,11.15
empty lip gloss tubes bulk,1.0,26.0,0.0385,19.73
cardboard tibes,1.0,25.0,0.04,8.68
cardboard tube for crafts,1.0,25.0,0.04,9.04
carboard tubing,1.0,25.0,0.04,9.96
extra large diameter cardboard tubes,1.0,25.0,0.04,15.16
poster tube cardboard,1.0,25.0,0.04,15.4
paper tube for cosmetics,1.0,24.0,0.0417,10.42
shipping tubes for sale,1.0,24.0,0.0417,12.33
cardboard packing tubes,1.0,24.0,0.0417,20.42
cardboard tubes manufacturers,1.0,24.0,0.0417,46.75
empty portable tubes plastic lotion,1.0,23.0,0.0435,10.39
poster tube cost,1.0,23.0,0.0435,10.61
extra large cardboard tube,1.0,23.0,0.0435,10.96
art mailing tubes,1.0,23.0,0.0435,11.26
inexpensive mailing tubes,1.0,23.0,0.0435,26.96
mailing cardboard tubes,1.0,23.0,0.0435,35.57
tubepack,1.0,22.0,0.0455,8.5
product,1.0,20.0,0.05,1.0
shipping tibe,1.0,19.0,0.0526,8.16
sturdy cardboard tube,1.0,19.0,0.0526,9.42
poster tubes shipping,1.0,19.0,0.0526,16.63
brown mailing tubes,1.0,19.0,0.0526,22.89
roll up tube,1.0,18.0,0.0556,1.61
cardboard craft tube,1.0,18.0,0.0556,10.94
where to buy shipping tubes for posters,1.0,18.0,0.0556,15.0
cardboard storage tube,1.0,18.0,0.0556,16.11
loose leaf tea packaging,1.0,18.0,0.0556,36.17
recycled mailing tubes,1.0,18.0,0.0556,51.94
6ft cardboard tube,1.0,17.0,0.0588,5.24
coffee tube packaging,1.0,17.0,0.0588,5.82
yes,1.0,16.0,0.0625,9.25
tube for poster shipping,1.0,15.0,0.0667,9.67
lip gloss tube vendor,1.0,15.0,0.0667,48.33
mailing tibes,1.0,14.0,0.07139999999999999,8.43
where to get large cardboard tubes for free,1.0,14.0,0.07139999999999999,9.07
cardboard tubes packaging suppliers,1.0,14.0,0.07139999999999999,10.29
poster tubes near me,1.0,14.0,0.07139999999999999,14.14
large cylinder cardboard tube,1.0,13.0,0.07690000000000001,3.23
paperboard wrapping paper,1.0,13.0,0.07690000000000001,15.15
carboard cylinder,1.0,12.0,0.0833,5.08
custom printed lotion tubes,1.0,11.0,0.0909,6.45
lip gloss empty tube,1.0,10.0,0.1,5.5
cosmetic soft tube,1.0,10.0,0.1,6.3
hollow cardboard tube,1.0,10.0,0.1,10.1
tube packaging candle,1.0,10.0,0.1,12.2
shipping tubes bulk,1.0,10.0,0.1,17.2
postal tube,1.0,10.0,0.1,24.0
cardboard,1.0,9.0,0.11109999999999999,3.44
poster shipper,1.0,9.0,0.11109999999999999,8.22
40 inch mailing tube,1.0,9.0,0.11109999999999999,10.89
mailer tube,1.0,9.0,0.11109999999999999,13.22
banner tubes,1.0,9.0,0.11109999999999999,18.11
heavy wall cardboard tubes,1.0,9.0,0.11109999999999999,20.44
big cardboard cylinder,1.0,8.0,0.125,2.62
tube shipping boxes,1.0,8.0,0.125,25.38
textile paper tubes,1.0,8.0,0.125,33.12
loose tea packaging,1.0,8.0,0.125,40.62
long poster tubes,1.0,7.0,0.1429,6.0
cardboard tube for sale,1.0,7.0,0.1429,10.29
post office poster tube,1.0,7.0,0.1429,10.29
where to buy a mailing tube,1.0,7.0,0.1429,10.71
poster rolls for shipping,1.0,7.0,0.1429,17.14
ups mailing tubes,1.0,6.0,0.16670000000000001,5.0
cardboard tube packaging suppliers,1.0,6.0,0.16670000000000001,6.0
lip gloss tubes empty wholesale,1.0,6.0,0.16670000000000001,17.83
storage tubes,1.0,5.0,0.2,2.8
cosmetic soft tubes empty packaging container,1.0,5.0,0.2,35.0
extra large storage tubes,1.0,5.0,0.2,36.2
cardboard tube mailer,1.0,4.0,0.25,12.0
packaging tubes for posters,1.0,4.0,0.25,13.5
waterproof cardboard tubes,1.0,4.0,0.25,36.5
round paper tubes,1.0,3.0,0.3333,5.33
product packaging tubes,1.0,3.0,0.3333,7.67
tube shipping container,1.0,3.0,0.3333,22.67
gift tubes,1.0,3.0,0.3333,25.0
cardboard tube roll,1.0,2.0,0.5,1.0
concrete cardboard tubes,1.0,2.0,0.5,1.0
thin poster tubes,1.0,2.0,0.5,1.0
300mm diameter cardboard tube,1.0,2.0,0.5,1.5
shipping tube ups,1.0,2.0,0.5,5.5
esthetician tube,1.0,2.0,0.5,7.0
cute empty lip gloss tubes,1.0,2.0,0.5,11.0
empty deodorant tubes,1.0,2.0,0.5,11.0
body lotion tubes,1.0,2.0,0.5,17.0
cardboard roll packaging,1.0,2.0,0.5,28.5
skin care packaging wholesale,1.0,2.0,0.5,31.0
40mm cardboard tube,1.0,2.0,0.5,38.0
skin care packaging,1.0,2.0,0.5,38.5
250mm diameter cardboard tube,1.0,1.0,1.0,1.0
are custom sizes readily available?,1.0,1.0,1.0,1.0
art shipping supplies,1.0,1.0,1.0,1.0
brown tubes,1.0,1.0,1.0,1.0
cardboard tubes crafts,1.0,1.0,1.0,1.0
cardboard tubes for concrete forms,1.0,1.0,1.0,1.0
corrugated cylinder,1.0,1.0,1.0,1.0
how much weight can they hold?,1.0,1.0,1.0,1.0
plastic lipstick tube,1.0,1.0,1.0,1.0
poster carrier tube,1.0,1.0,1.0,1.0
poster holder tube,1.0,1.0,1.0,1.0
wholesale suppliers,1.0,1.0,1.0,1.0
are there any more,1.0,1.0,1.0,2.0
donde puedo comprarlas,1.0,1.0,1.0,2.0
more websites,1.0,1.0,1.0,2.0
packaging cardboard,1.0,1.0,1.0,2.0
poster tubr,1.0,1.0,1.0,2.0
usps cardboard tubes,1.0,1.0,1.0,2.0
usps tube box,1.0,1.0,1.0,2.0
cardboard sonotube,1.0,1.0,1.0,3.0
paper tube canister,1.0,1.0,1.0,3.0
cardboard concrete tubes,1.0,1.0,1.0,4.0
cardboard products,1.0,1.0,1.0,4.0
small volume,1.0,1.0,1.0,4.0
best price,1.0,1.0,1.0,5.0
paper towel cardboard rolls,1.0,1.0,1.0,5.0
triangle mailing tube,1.0,1.0,1.0,5.0
筒の形,1.0,1.0,1.0,5.0
wholesale skincare packaging,1.0,1.0,1.0,6.0
1000 quantity,1.0,1.0,1.0,7.0
cosmetic packaging supplier,1.0,1.0,1.0,10.0
sypany,1.0,1.0,1.0,10.0
usps priority mail,1.0,1.0,1.0,10.0
cardboard tubes concrete,1.0,1.0,1.0,11.0
بعتلي صور,1.0,1.0,1.0,14.0
glass lipgloss tubes,1.0,1.0,1.0,21.0
paper tube packaging in pakistan,1.0,1.0,1.0,38.0
cosmetic tubes supplier,0.0,2511.0,0.0,21.17
custom tubes,0.0,2003.0,0.0,27.74
wholesale mailing tubes,0.0,1835.0,0.0,31.18
tubing packaging,0.0,1583.0,0.0,33.34
cardboard packaging tubes,0.0,1556.0,0.0,15.06
cosmetic tubes manufacturer,0.0,1298.0,0.0,14.21
packaging paper tube,0.0,1289.0,0.0,15.5
cosmetic tube printing,0.0,1255.0,0.0,19.39
paper tubing packaging,0.0,1172.0,0.0,16.81
cosmetic packaging tubes,0.0,1159.0,0.0,37.11
skincare tube,0.0,1120.0,0.0,14.73
food grade tube packaging,0.0,1084.0,0.0,25.79
branded cardboard tubes,0.0,984.0,0.0,30.94
tubes cosmetics,0.0,941.0,0.0,43.28
poster mailers,0.0,904.0,0.0,16.95
wholesale tubes,0.0,883.0,0.0,17.52
cosmetic tube packaging suppliers,0.0,883.0,0.0,33.86
cardboard tube box,0.0,881.0,0.0,14.9
cardboard tube packaging food,0.0,849.0,0.0,10.8
cosmetic squeeze tubes,0.0,837.0,0.0,19.24
tube packaging market,0.0,820.0,0.0,56.6
cosmetic tubes suppliers,0.0,814.0,0.0,24.46
largetube,0.0,784.0,0.0,7.41
wholesale cardboard tube packaging,0.0,743.0,0.0,12.55
cardboard tube manufacturers,0.0,732.0,0.0,50.43
cylinder packaging tubes,0.0,726.0,0.0,14.5
plastic packaging tubing,0.0,725.0,0.0,41.88
cardboard tube package,0.0,708.0,0.0,10.41
recycled cardboard tube packaging,0.0,696.0,0.0,43.0
custom printed tubes,0.0,677.0,0.0,21.8
wholesale lip gloss tubes,0.0,674.0,0.0,37.5
paper tube manufacturers,0.0,673.0,0.0,50.7
large cylinder tube,0.0,666.0,0.0,16.51
hand cream tube packaging,0.0,651.0,0.0,19.43
sustainable tube packaging,0.0,637.0,0.0,44.98
toilet paper cardboard,0.0,627.0,0.0,1.33
eco friendly lip balm tubes,0.0,625.0,0.0,34.64
paper packaging tubes,0.0,618.0,0.0,17.44
paper tubing,0.0,613.0,0.0,24.33
packaging cardboard tubes,0.0,608.0,0.0,41.06
plastic tubing for packaging,0.0,607.0,0.0,42.26
plastic tube packaging manufacturers,0.0,605.0,0.0,38.47
round cardboard tube,0.0,602.0,0.0,10.49
cylinder cardboard packaging,0.0,581.0,0.0,30.51
bespoke tube packaging,0.0,580.0,0.0,26.1
custom lipstick tubes,0.0,575.0,0.0,38.44
paper tube suppliers,0.0,561.0,0.0,42.88
plastic tubes wholesale,0.0,560.0,0.0,37.6
lotion squeeze tube suppliers,0.0,550.0,0.0,24.44
us tube packaging market,0.0,540.0,0.0,51.57
big round cardboard tubes,0.0,531.0,0.0,10.96
big cardboard roll,0.0,524.0,0.0,14.37
cosmetic and pharmaceutical packaging tube,0.0,522.0,0.0,46.3
tubes for packaging,0.0,520.0,0.0,21.74
plastic tube packaging suppliers,0.0,520.0,0.0,28.87
paper packaging tube,0.0,509.0,0.0,14.89
large round cardboard tubes,0.0,507.0,0.0,7.52
wholesale plastic tubes,0.0,507.0,0.0,43.21
custom cardboard tube,0.0,505.0,0.0,22.98
collapsible tubes packaging,0.0,496.0,0.0,70.23
custom tube packaging uk,0.0,491.0,0.0,45.25
paper tube company,0.0,485.0,0.0,27.31
squeeze tube packaging,0.0,481.0,0.0,33.08
printing on tubes,0.0,471.0,0.0,44.28
custom plastic tube,0.0,460.0,0.0,42.82
lip balm paper tubes,0.0,458.0,0.0,28.94
food tubes,0.0,446.0,0.0,22.38
squeeze tubes for cosmetics,0.0,444.0,0.0,25.32
paper deodorant,0.0,442.0,0.0,16.56
cylinder packaging for fabric,0.0,441.0,0.0,13.84
tube packaging design,0.0,438.0,0.0,37.47
paper lipstick tube,0.0,436.0,0.0,8.72
cardboard cylinders packaging,0.0,433.0,0.0,25.09
makeup tubes,0.0,433.0,0.0,35.47
deodorant paper tubes,0.0,426.0,0.0,1.03
tin tube packaging,0.0,420.0,0.0,24.05
empty tubes,0.0,420.0,0.0,24.85
candle packaging tubes,0.0,416.0,0.0,32.27
cylinder packaging for textiles,0.0,413.0,0.0,17.77
food grade paper tubes,0.0,411.0,0.0,41.09
where to buy poster tube,0.0,410.0,0.0,40.29
stylized cosmetic tube printing,0.0,408.0,0.0,6.87
tube packaging services,0.0,405.0,0.0,3.37
biodegradable tube packaging,0.0,394.0,0.0,45.08
biodegradable lip balm tubes,0.0,393.0,0.0,30.28
cardboard tube manufacturer,0.0,393.0,0.0,53.56
custom tube packaging services,0.0,390.0,0.0,7.98
laminate tubes for skin care,0.0,388.0,0.0,34.65
cosmetic tube manufacturers,0.0,385.0,0.0,27.76
cosmetic plastic tube,0.0,383.0,0.0,19.56
cardboard toilet paper,0.0,380.0,0.0,2.27
custom packaging tubing,0.0,380.0,0.0,13.49
round cardboard cylinders,0.0,377.0,0.0,7.01
metal tube packaging,0.0,366.0,0.0,74.72
tubed packaged goods,0.0,363.0,0.0,15.89
custom packing tube,0.0,362.0,0.0,22.35
luxury cardboard tubes,0.0,362.0,0.0,25.76
eco tube packaging,0.0,361.0,0.0,41.72
packaging paper tubes,0.0,358.0,0.0,13.24
cardboard tube suppliers,0.0,358.0,0.0,47.6
hand lotion tubes,0.0,357.0,0.0,25.07
custom tubes for bottles,0.0,356.0,0.0,59.65
custom lip balm tubes,0.0,355.0,0.0,67.02
custom paper tube carts,0.0,354.0,0.0,13.24
squeeze tubes for lotion,0.0,351.0,0.0,24.11
cardboard paper roll,0.0,346.0,0.0,5.02
make up tubes,0.0,346.0,0.0,44.58
papertube packaging,0.0,345.0,0.0,17.7
wholesale lip gloss tube,0.0,345.0,0.0,43.97
white cardboard tube packaging,0.0,343.0,0.0,10.16
ointment tube packaging,0.0,340.0,0.0,56.55
skin care tube,0.0,339.0,0.0,11.78
aluminum cosmetic tubes wholesale,0.0,331.0,0.0,65.75
round tube packaging,0.0,326.0,0.0,14.51
empty toothpaste tubes wholesale,0.0,325.0,0.0,52.28
deodorant in paper tube,0.0,314.0,0.0,14.07
cardboard toilet paper rolls,0.0,313.0,0.0,4.86
are cardboard tubes durable,0.0,313.0,0.0,30.71
wholesale shipping tubes,0.0,313.0,0.0,44.32
tube packaging box,0.0,305.0,0.0,37.56
recyclable lip balm tubes,0.0,305.0,0.0,40.48
plastic cylinder packaging tubes,0.0,300.0,0.0,37.83
drinks tube packaging suppliers,0.0,299.0,0.0,32.72
bespoke cardboard tubes,0.0,299.0,0.0,39.41
white tube,0.0,296.0,0.0,11.07
custom tubes-packaging,0.0,295.0,0.0,8.66
cosmetic paper tube,0.0,295.0,0.0,12.94
skincare tubes,0.0,294.0,0.0,4.88
cylindrical mailing tubes,0.0,294.0,0.0,33.1
lip balm packaging,0.0,291.0,0.0,10.59
paper tube containers with lids,0.0,291.0,0.0,42.17
cylinder packaging for paper rolls,0.0,287.0,0.0,21.18
thick cardboard tube,0.0,285.0,0.0,15.25
custom tube,0.0,281.0,0.0,17.16
is paper tube company good for loose leaf tea,0.0,279.0,0.0,9.66
luxury cosmetic tube packaging,0.0,279.0,0.0,12.92
how long is a toilet paper roll cardboard,0.0,278.0,0.0,3.23
lipstick tubes packaging,0.0,278.0,0.0,13.68
square mailing tubes,0.0,278.0,0.0,58.02
makeup tube,0.0,276.0,0.0,36.35
packaging tubes wholesale,0.0,275.0,0.0,33.56
paper towel cardboard tubes,0.0,274.0,0.0,12.25
empty makeup tubes,0.0,274.0,0.0,19.11
toilet paper cardboard roll,0.0,273.0,0.0,2.43
paper tube cosmetic packaging,0.0,270.0,0.0,9.82
small diameter cardboard tubes,0.0,269.0,0.0,9.73
"unconventional structural material tubes half tonne half metre kitchen film 
mailing posters",0.0,268.0,0.0,6.66
industrial cardboard tube,0.0,268.0,0.0,12.47
custom drinks tube packaging,0.0,267.0,0.0,41.27
plastic tube manufacturer,0.0,265.0,0.0,68.13
eco tubes packaging,0.0,263.0,0.0,24.06
mailing tubes wholesale,0.0,260.0,0.0,41.29
black cardboard tubes,0.0,259.0,0.0,43.75
cylinder mailing tubes,0.0,258.0,0.0,4.59
paper tube co,0.0,258.0,0.0,25.39
empty cosmetic squeeze tubes,0.0,258.0,0.0,37.03
eco-friendly benefits of using paper tubes,0.0,257.0,0.0,35.28
tube verpackung,0.0,255.0,0.0,63.56
bottle tube packaging,0.0,254.0,0.0,57.87
printed tube,0.0,253.0,0.0,28.31
paperboard tube package,0.0,252.0,0.0,11.0
thick walled paper tube,0.0,252.0,0.0,33.22
paper cans packaging,0.0,252.0,0.0,63.35
paper tube packaging europe,0.0,251.0,0.0,51.86
eco friendly packaging tubes,0.0,251.0,0.0,67.55
united states tube packaging market,0.0,249.0,0.0,58.17
standard toilet paper roll cardboard tube inner diameter circumference,0.0,248.0,0.0,9.25
custom printed mailing tubes,0.0,248.0,0.0,26.09
plastic tube printing,0.0,248.0,0.0,57.24
lotion tube packaging solutions,0.0,246.0,0.0,9.94
cardboard cylinder molds,0.0,246.0,0.0,21.7
cosmetic tube printing services,0.0,245.0,0.0,4.42
tube boxes for candles,0.0,244.0,0.0,39.63
white lipstick tubes,0.0,243.0,0.0,1.14
deodorant in cardboard tube,0.0,243.0,0.0,26.64
round packaging tubes,0.0,242.0,0.0,26.65
how are cardboard tubes made,0.0,242.0,0.0,37.59
cardboard tube box wholesale,0.0,241.0,0.0,4.6
cosmetics tubes,0.0,234.0,0.0,25.16
small poster tube,0.0,234.0,0.0,26.42
paperboard lip balm tubes,0.0,232.0,0.0,30.76
packaging tubing,0.0,229.0,0.0,23.82
poster packaging tubes,0.0,226.0,0.0,30.92
paper tube packaging uk,0.0,223.0,0.0,51.88
wholesale price plastic cosmetic tubes,0.0,220.0,0.0,14.38
carton tubes,0.0,219.0,0.0,18.56
small order cosmetic tubes,0.0,218.0,0.0,5.0
cardboard tubes a-frame 86 temporary,0.0,218.0,0.0,6.4
cardboard cosmetic packaging,0.0,218.0,0.0,42.37
lip gloss tube packaging,0.0,215.0,0.0,17.05
paperboard tube containers,0.0,214.0,0.0,14.12
wholesale chapstick tubes,0.0,214.0,0.0,58.49
toilet roll cardboard tubes,0.0,213.0,0.0,6.01
product tubes,0.0,213.0,0.0,27.75
lip balm packaging for organic brands,0.0,212.0,0.0,13.82
printed plastic tubes,0.0,212.0,0.0,26.58
lip balm tube printing,0.0,211.0,0.0,26.78
the paper tube co,0.0,209.0,0.0,21.04
eco friendly chapstick tubes,0.0,209.0,0.0,61.21
cosmetic tube manufacturers usa,0.0,208.0,0.0,50.92
kraft paper tube box,0.0,206.0,0.0,13.37
biodegradable cardboard tubes,0.0,206.0,0.0,50.85
cylinder paper tube packaging,0.0,205.0,0.0,11.0
tube stick packaging market,0.0,203.0,0.0,59.45
small batch cosmetic tubes,0.0,202.0,0.0,6.36
individual mailing tubes,0.0,202.0,0.0,20.37
long cardboard tube,0.0,201.0,0.0,8.44
sustainable cardboard tubes,0.0,201.0,0.0,41.5
recyclable tube packaging,0.0,201.0,0.0,48.36
large cardboard cylinder,0.0,199.0,0.0,12.38
cardboard paper tube,0.0,198.0,0.0,17.89
custom cardboard tubes packaging,0.0,197.0,0.0,22.47
luxury tube packaging uk,0.0,197.0,0.0,54.91
how long is a tube of wrapping paper,0.0,195.0,0.0,4.44
personal care plastic tube packaging market,0.0,195.0,0.0,49.99
steel tube packaging services,0.0,194.0,0.0,30.05
large poster tube,0.0,193.0,0.0,33.54
custom deodorant packaging,0.0,193.0,0.0,33.98
eco-friendly lip balm tubes,0.0,193.0,0.0,39.09
candle science white paper tube 12 pc case,0.0,192.0,0.0,7.33
compostable lip balm tubes,0.0,192.0,0.0,48.18
roll edge paper tubes wholesale,0.0,191.0,0.0,4.14
the tube papier,0.0,191.0,0.0,5.62
cylinder package,0.0,190.0,0.0,52.02
kraft paper tube wholesale,0.0,184.0,0.0,6.1
print on tubes,0.0,183.0,0.0,35.93
luxery tube,0.0,182.0,0.0,2.97
standard toilet paper roll cardboard tube dimensions length diameter,0.0,181.0,0.0,9.16
poster tubes nearby,0.0,180.0,0.0,9.94
packingsmartly,0.0,177.0,0.0,14.68
custom cardboard tubes uk,0.0,177.0,0.0,47.98
food grade paper canisters,0.0,176.0,0.0,44.55
the paper tube company,0.0,175.0,0.0,32.43
large lip balm tubes,0.0,175.0,0.0,66.97
sustainable empty lip stick container,0.0,174.0,0.0,7.63
plastic tube packaging for cosmetics,0.0,174.0,0.0,18.16
kraft lip balm tubes,0.0,174.0,0.0,24.42
tube plastic packaging,0.0,174.0,0.0,38.98
us plastic tube packaging market,0.0,174.0,0.0,55.92
toothpaste tube packaging,0.0,174.0,0.0,80.17
wholesale roll edge paper tubes,0.0,173.0,0.0,4.43
deodorant tube printing,0.0,172.0,0.0,15.69
cylinder packaging for wallpaper,0.0,172.0,0.0,30.52
paper cans supplier,0.0,171.0,0.0,53.38
food packaging tube,0.0,168.0,0.0,9.02
square mailing tubes wholesale,0.0,168.0,0.0,36.49
paper balm,0.0,167.0,0.0,2.71
cardboard tubs,0.0,167.0,0.0,22.98
cardboard toilet rolls,0.0,166.0,0.0,3.08
paperboard tubes manufacturing plant cost,0.0,166.0,0.0,55.06
custom luxury tubes,0.0,165.0,0.0,13.02
long paper tubes,0.0,165.0,0.0,13.99
toilet rolls cardboard,0.0,164.0,0.0,3.84
tube-packaging-solutions,0.0,163.0,0.0,9.07
large heavy duty cardboard tubes,0.0,163.0,0.0,23.39
plastic tubes for packaging,0.0,163.0,0.0,32.88
wrapping paper cardboard tubes,0.0,161.0,0.0,16.16
lipstick tubes wholesale,0.0,161.0,0.0,22.73
heavy duty cardboard tubes for sale,0.0,161.0,0.0,29.86
biodegradable cylinder packaging,0.0,160.0,0.0,53.43
tube cardboard box,0.0,159.0,0.0,64.01
kraft cylinder packaging,0.0,158.0,0.0,13.66
recycled paper tube packaging,0.0,158.0,0.0,20.68
biodegradable packaging for lip balm,0.0,158.0,0.0,78.4
confectionery packaging tubes,0.0,157.0,0.0,22.37
deodorant cardboard tubes,0.0,157.0,0.0,26.84
small order custom lip balm tubes?,0.0,157.0,0.0,50.99
supply tea paper tube packaging,0.0,155.0,0.0,3.55
kraft paper tube packaging uk,0.0,155.0,0.0,62.59
roll edge paper tubes wholesalers,0.0,154.0,0.0,6.06
lotion tube containers,0.0,154.0,0.0,20.26
personal care tubes,0.0,154.0,0.0,24.31
cylinder packaging for coated film,0.0,153.0,0.0,22.26
custom tube boxes​,0.0,153.0,0.0,24.59
bulk plastic tubes,0.0,153.0,0.0,28.29
paper can packaging,0.0,153.0,0.0,73.5
cardboard fabric tubes for sale,0.0,152.0,0.0,19.48
paper canisters,0.0,152.0,0.0,27.63
clear plastic tube packaging,0.0,152.0,0.0,42.28
lip balm tube packaging design,0.0,149.0,0.0,13.93
paper tub packaging,0.0,147.0,0.0,11.86
wide mailing tubes,0.0,147.0,0.0,35.69
custom printed lipstick tubes,0.0,146.0,0.0,13.7
paper cylinder package,0.0,145.0,0.0,13.64
plastic tube packaging market,0.0,145.0,0.0,51.15
tube packaging catalogue,0.0,145.0,0.0,59.89
printed paper tube,0.0,143.0,0.0,19.19
printed packaging tubes,0.0,143.0,0.0,29.26
paper tubing suppliers,0.0,143.0,0.0,32.24
wholesale mini paper tube,0.0,142.0,0.0,3.95
"cylinders made from polypropylene mailing posters kitchen film architecture 
sanctuary",0.0,142.0,0.0,6.61
paper tube packaging near me,0.0,142.0,0.0,15.72
toilet paper tube diameter,0.0,142.0,0.0,20.43
standard toilet paper roll inner diameter cardboard tube,0.0,140.0,0.0,6.74
huge cardboard tubes,0.0,140.0,0.0,17.61
cardboard lip balm tubes bulk,0.0,140.0,0.0,34.87
how to print on lip balm tubes?,0.0,140.0,0.0,72.08
toilet paper cores,0.0,138.0,0.0,8.99
wrapping paper tube wholesalers,0.0,137.0,0.0,2.56
empty lip gloss tube packaging,0.0,137.0,0.0,15.81
deodorant tube packaging,0.0,137.0,0.0,20.31
wrapping paper tube wholesale,0.0,136.0,0.0,2.84
custom made cardboard tubes,0.0,136.0,0.0,23.44
paper tube with lid,0.0,136.0,0.0,30.88
pet cosmetic tubes,0.0,134.0,0.0,5.37
gai due presenze material cylinders polypropylene mailing tube,0.0,134.0,0.0,7.58
postal tubes wholesale,0.0,134.0,0.0,33.01
strong cardboard tubes,0.0,134.0,0.0,41.54
lip balm in cardboard tube,0.0,134.0,0.0,60.41
toilet cardboard,0.0,132.0,0.0,1.56
mini paper tube supply,0.0,132.0,0.0,4.92
paper canister packaging,0.0,132.0,0.0,54.86
supply luxury paper tube,0.0,131.0,0.0,6.09
cardboard tube box sizes,0.0,131.0,0.0,11.9
various tube printing,0.0,131.0,0.0,12.1
poster ship tube,0.0,131.0,0.0,30.56
custom printed deodorant packaging,0.0,131.0,0.0,30.97
empty paper tube packaging wholesalers,0.0,130.0,0.0,4.74
white paper tube promotions,0.0,130.0,0.0,5.6
customized tubes,0.0,130.0,0.0,19.5
paper tubes and sales,0.0,130.0,0.0,44.01
tube shipping,0.0,130.0,0.0,75.64
package tube,0.0,128.0,0.0,8.37
empty lip gloss container production,0.0,128.0,0.0,10.95
empty squeeze tube containers,0.0,128.0,0.0,25.54
custom product tubes,0.0,128.0,0.0,40.42
lip balm eco friendly tube,0.0,128.0,0.0,61.85
custom cardboard tube manufacturers uk,0.0,128.0,0.0,64.64
one stop lip gloss tube supplier,0.0,127.0,0.0,7.86
empty lotion squeeze tubes,0.0,126.0,0.0,9.49
where to buy empty paper towel rolls,0.0,126.0,0.0,10.9
large round tubes,0.0,126.0,0.0,17.52
cardboard cylinder container,0.0,126.0,0.0,19.4
toilet paper tube size,0.0,125.0,0.0,14.37
custom paper tube company,0.0,125.0,0.0,15.9
shipping tubes art prints,0.0,125.0,0.0,28.51
empty cosmetic tubes wholesale,0.0,125.0,0.0,32.65
