url,status_live,status_inferred,redirect_target,gsc_clicks,gsc_impressions
https://thetubepackaging.com/wp-content/uploads/2024/07/Cardboard-Tube-Packaging-1200x900.jpg,403 deny,404,,1,26
https://thetubepackaging.com/wp-content/uploads/2024/07/Tube-Food-Packaging-1200x900.jpg,challenged,404,,0,20
https://thetubepackaging.com/wp-content/uploads/2024/07/Cardboard-Toilet-Paper-1200x900.jpg,challenged,404,,0,17
https://thetubepackaging.com/wp-content/uploads/2024/07/3-1024x1024.jpg,challenged,404,,0,17
https://thetubepackaging.com/wp-content/uploads/2024/07/Poster-Mailing-Tubes-1200x900.jpg,challenged,404,,0,14
https://thetubepackaging.com/wp-content/uploads/2024/07/Candle-Tube-Packaging-1200x900.jpg,challenged,404,,0,13
https://thetubepackaging.com/wp-content/uploads/2024/07/Paper-Lip-Balm-Tubes-1200x900.jpg,challenged,404,,0,12
https://thetubepackaging.com/wp-content/uploads/2024/07/Kraft-Paper-Candle-Tubes-1200x900.jpg,challenged,404,,0,10
https://thetubepackaging.com/wp-content/uploads/2024/07/Poster-Mailing-Tubes-1200x675.jpg,challenged,404,,0,9
https://thetubepackaging.com/wp-content/uploads/2024/07/Paper-Lip-Balm-Tubes-1200x675.jpg,challenged,404,,0,9
https://thetubepackaging.com/wp-content/uploads/2024/07/Deodorant-Paper-Tubes-1200x900.jpg,challenged,404,,0,6
https://thetubepackaging.com/wp-content/uploads/2024/07/Kraft-Paper-Tubes-1200x900.jpg,challenged,404,,0,6
https://thetubepackaging.com/product-category/Custom-Paper-Tubes/page/2/,404,404,,0,6
https://thetubepackaging.com/wp-content/uploads/2024/07/Luxury-Tube-Packaging-1-1200x900.jpg,challenged,404,,0,4
https://thetubepackaging.com/wp-content/uploads/2024/07/Large-Paper-Tubes-1200x675.jpg,challenged,404,,0,4
https://thetubepackaging.com/wp-content/uploads/2024/07/Tea-Paper-Tubes-1-1200x900.jpg,challenged,404,,0,4
https://thetubepackaging.com/wp-content/uploads/2024/07/Cardboard-Tube-Packaging-1200x675.jpg,403 deny,404,,0,4
https://thetubepackaging.com/wp-content/uploads/2024/07/Large-Cardboard-Tubes-1200x675.jpg,challenged,404,,0,4
https://thetubepackaging.com/wp-content/uploads/2024/07/Wrapping-Paper-Tubes-1200x675.jpg,challenged,404,,0,4
https://thetubepackaging.com/wp-content/uploads/2024/07/Industrial-Cardboard-Tubes-1200x900.jpg,challenged,404,,0,3
https://thetubepackaging.com/wp-content/uploads/2024/07/Kraft-Mailing-Tubes-1200x900.jpg,challenged,404,,0,3
https://thetubepackaging.com/wp-content/uploads/2024/07/Large-Cardboard-Tubes-1200x900.jpg,challenged,404,,0,3
https://thetubepackaging.com/wp-content/uploads/2024/07/Tube-Food-Packaging-1200x675.jpg,challenged,404,,0,2
https://thetubepackaging.com/wp-content/uploads/2024/07/Custom-Shipping-Tubes-1200x675.jpg,challenged,404,,0,2
https://thetubepackaging.com/wp-content/uploads/2024/07/Cardboard-Paper-Tubes-1200x675.jpg,challenged,404,,0,2
https://thetubepackaging.com/wp-content/uploads/2024/07/White-Paper-Tubes-1200x900.jpg,challenged,404,,0,2
https://thetubepackaging.com/wp-content/uploads/2024/07/Kraft-Paper-Tubes-1200x675.jpg,challenged,404,,0,2
https://thetubepackaging.com/wp-content/uploads/2024/07/Candle-Tube-Packaging-1200x675.jpg,challenged,404,,0,2
https://thetubepackaging.com/wp-content/uploads/2024/07/Wrapping-Paper-Tubes-1200x900.jpg,challenged,404,,0,2
https://thetubepackaging.com/wp-content/uploads/2024/07/Custom-Black-Paper-Candle-Tubes-1-1200x900.jpg,challenged,404,,0,1
https://thetubepackaging.com/wp-content/uploads/2024/07/Small-Paper-Tubes-1200x675.jpg,challenged,404,,0,1
https://thetubepackaging.com/wp-content/uploads/2024/07/Tea-Paper-Tubes-1-1200x675.jpg,challenged,404,,0,1
https://thetubepackaging.com/wp-content/uploads/2024/07/Cylinder-Mailing-Tubes-1200x675.jpg,challenged,404,,0,1
https://thetubepackaging.com/wp-content/uploads/2024/07/Luxury-Tube-Packaging.jpg,challenged,404,,0,1
https://thetubepackaging.com/wp-content/uploads/2024/07/Square-Paper-Tubes-1200x900.jpg,challenged,404,,0,1
https://thetubepackaging.com/wp-content/uploads/2024/07/Luxury-Tube-Packaging-1200x675.jpg,challenged,404,,0,1
https://thetubepackaging.com/wp-content/uploads/2024/07/Deodorant-Paper-Tubes-1200x675.jpg,challenged,404,,0,1
https://thetubepackaging.com/wp-content/uploads/2024/07/Large-Paper-Tubes-1200x900.jpg,challenged,404,,0,1
https://thetubepackaging.com/wp-content/uploads/2024/07/Cosmetic-Tubes-1200x900.jpg,challenged,404,,0,1
https://thetubepackaging.com/wp-content/uploads/2024/07/Plastic-Tube-Packaging-1200x900.jpg,challenged,404,,0,1
https://thetubepackaging.com/wp-content/uploads/2024/07/Industrial-Cardboard-Tubes-1200x675.jpg,challenged,404,,0,1
https://thetubepackaging.com/wp-content/uploads/2024/07/Paper-Towel-Tubes-1200x900.jpg,challenged,404,,0,1
https://thetubepackaging.com/wp-content/uploads/2024/07/Round-Cardboard-Tubes-1200x900.jpg,challenged,404,,0,1
https://thetubepackaging.com/wp-content/uploads/2024/07/Paper-Towel-Tubes-1200x675.jpg,challenged,404,,0,1
https://thetubepackaging.com/,200,200,,1421,259118
https://thetubepackaging.com/product/cosmetic-tubes/,challenged,200,,291,67945
https://thetubepackaging.com/product/poster-mailing-tubes/,challenged,200,,693,53498
https://thetubepackaging.com/product/cardboard-tube-packaging/,200,200,,115,45095
https://thetubepackaging.com/product/large-cardboard-tubes/,challenged,200,,401,43576
https://thetubepackaging.com/product/tube-food-packaging/,challenged,200,,104,35432
https://thetubepackaging.com/product/cardboard-toilet-paper/,challenged,200,,79,33873
https://thetubepackaging.com/product/kraft-mailing-tubes/,challenged,200,,658,28741
https://thetubepackaging.com/product/cardboard-paper-tubes/,challenged,200,,367,26172
https://thetubepackaging.com/product/paper-lip-balm-tubes/,challenged,200,,123,22952
https://thetubepackaging.com/product/round-cardboard-tubes/,challenged,200,,348,22141
https://thetubepackaging.com/product/luxury-tube-packaging/,challenged,200,,58,21792
https://thetubepackaging.com/product/tea-paper-tubes/,challenged,200,,183,18342
https://thetubepackaging.com/product/large-paper-tubes/,challenged,200,,202,15867
https://thetubepackaging.com/product/empty-lipgloss-tubes/,challenged,200,,104,15857
https://thetubepackaging.com/cosmetic-tubes-complete-packaging-guide-for-beauty-product-manufacturers/,challenged,200,,89,13981
https://thetubepackaging.com/product/empty-lotion-tubes/,challenged,200,,108,13978
https://thetubepackaging.com/product/wrapping-paper-tubes/,challenged,200,,104,13495
https://thetubepackaging.com/product-category/custom-cardboard-tubes/,200,200,,7,13194
https://thetubepackaging.com/product/plastic-tube-packaging/,challenged,200,,34,12933
https://thetubepackaging.com/product/small-paper-tubes/,challenged,200,,39,12516
https://thetubepackaging.com/product/deodorant-paper-tubes/,challenged,200,,71,11877
https://thetubepackaging.com/product-category/mailing-tubes/,challenged,200,,3,11585
https://thetubepackaging.com/product/industrial-cardboard-tubes/,challenged,200,,109,11199
https://thetubepackaging.com/product/paper-towel-tubes/,challenged,200,,87,10815
https://thetubepackaging.com/product/paper-lipstick-tubes/,challenged,200,,55,10782
https://thetubepackaging.com/shop/,challenged,200,,8,10731
https://thetubepackaging.com/product-category/custom-paper-tubes/,challenged,200,,1,10020
https://thetubepackaging.com/product/kraft-paper-tubes/,challenged,200,,166,9955
https://thetubepackaging.com/product/skincare-tubes/,challenged,200,,39,9897
https://thetubepackaging.com/product/cylinder-mailing-tubes/,challenged,200,,98,9369
https://thetubepackaging.com/product/candle-tube-packaging/,challenged,200,,27,9093
https://thetubepackaging.com/product/paper-tubes/,challenged,200,,106,8326
https://thetubepackaging.com/product/lotion-tubes/,challenged,200,,97,8147
https://thetubepackaging.com/product/white-paper-tubes/,challenged,200,,81,8123
https://thetubepackaging.com/product/custom-shipping-tubes/,challenged,200,,111,7773
https://thetubepackaging.com/product-category/specialty-tubes/,challenged,200,,3,7125
https://thetubepackaging.com/product/square-paper-tubes/,challenged,200,,139,6347
https://thetubepackaging.com/product/white-lipstick-tubes/,challenged,200,,18,5382
https://thetubepackaging.com/product/kraft-paper-candle-tubes/,challenged,200,,40,4589
https://thetubepackaging.com/product/black-paper-candle-tubes/,challenged,200,,60,4067
https://thetubepackaging.com/product/white-paper-candle-tubes/,challenged,200,,47,4030
https://thetubepackaging.com/5-industries-that-can-benefit-most-from-cardboard-tube-packaging/,challenged,200,,34,3235
https://thetubepackaging.com/cardboard-tubes-for-business-effective-solutions-for-packaging-and-storage/,challenged,200,,7,3004
https://thetubepackaging.com/product-category/custom-plastic-tubes/,challenged,200,,0,2834
https://thetubepackaging.com/6-design-ideas-for-custom-square-paper-tubes/,challenged,200,,13,1416
https://thetubepackaging.com/about-us/,challenged,200,,13,1323
https://thetubepackaging.com/contact-us/,challenged,200,,8,1134
https://thetubepackaging.com/5-ways-large-cardboard-tubes-boost-product-protection/,challenged,200,,2,968
https://thetubepackaging.com/the-ultimate-guide-to-tube-packaging-from-food-to-industrial-applications/,challenged,200,,4,873
https://thetubepackaging.com/why-wrapping-paper-tubes-are-the-future-of-gift-packaging/,challenged,200,,2,702
https://thetubepackaging.com/refund_returns/,challenged,200,,1,375
https://thetubepackaging.com/terms-conditions/,challenged,200,,1,235
https://thetubepackaging.com/privacy-policy/,challenged,200,,0,182
https://thetubepackaging.com/product/plastic-tube-packaging/?add-to-cart=201,challenged,200,,0,117
https://thetubepackaging.com/thank-you/,challenged,200,,0,60
https://thetubepackaging.com/category/information/,challenged,200,,0,51
https://thetubepackaging.com/wp-content/uploads/2024/07/Packaging-Luxury-Tube.jpg,challenged,200,,0,49
https://thetubepackaging.com/wp-content/uploads/2024/07/Custom-Cosmetic-Tubes.jpg,challenged,200,,1,35
https://thetubepackaging.com/wp-content/uploads/2024/07/Empty-Lipgloss-Packaging.jpg,challenged,200,,0,33
https://thetubepackaging.com/wp-content/uploads/2024/07/Tube-Luxury-Packaging.jpg,challenged,200,,0,31
https://thetubepackaging.com/shop/page/3/,challenged,200,,0,26
https://thetubepackaging.com/product/square-paper-tubes/?add-to-cart=106,challenged,200,,0,22
https://thetubepackaging.com/wp-content/uploads/2024/07/Cardboard-Toilet-Packaging.jpg,challenged,200,,0,18
https://thetubepackaging.com/wp-content/uploads/2024/07/Food-Packaging.jpg,challenged,200,,0,18
https://thetubepackaging.com/wp-content/uploads/2024/07/Custom-Paper-Lip-Balm-packaging.jpg,challenged,200,,1,15
https://thetubepackaging.com/product/cosmetic-tubes/?add-to-cart=206,challenged,200,,0,14
https://thetubepackaging.com/shop/page/2/,200,200,,0,13
https://thetubepackaging.com/product/cardboard-toilet-paper/?add-to-cart=164,challenged,200,,0,13
https://thetubepackaging.com/wp-content/uploads/2024/07/Custom-Deodorant-Paper-Packaging.jpg,challenged,200,,0,12
https://thetubepackaging.com/wp-content/uploads/2024/07/Custom-Cardboard-Toilet-Paper.jpg,challenged,200,,0,12
https://thetubepackaging.com/wp-content/uploads/2024/07/Tube-Packaging.jpg,challenged,200,,0,12
https://thetubepackaging.com/product/cosmetic-tubes/?add-to-cart=153,challenged,200,,0,12
https://thetubepackaging.com/author/shanimazhar82gmail-com/,challenged,200,,1,11
https://thetubepackaging.com/wp-content/uploads/2024/07/Custom-Wrapping-Paper-Tubes.jpg,challenged,200,,0,11
https://thetubepackaging.com/wp-content/uploads/2024/07/Custom-Black-Paper-Tubes-Packaging.jpg,challenged,200,,0,10
https://thetubepackaging.com/product/white-paper-candle-tubes/?add-to-cart=206,challenged,200,,0,10
https://thetubepackaging.com/product/cosmetic-tubes/?add-to-cart=226,challenged,200,,0,10
https://thetubepackaging.com/wp-content/uploads/2024/07/Custom-Paper-Lipstick-Packaging.jpg,challenged,200,,0,9
https://thetubepackaging.com/wp-content/uploads/2024/07/Custom-Cylinder-Mailing-Tubes.jpg,challenged,200,,0,8
https://thetubepackaging.com/wp-content/uploads/2024/07/Cardboard-Tube.jpg,challenged,200,,0,8
https://thetubepackaging.com/wp-content/uploads/2024/07/Custom-Kraft-Paper-Candle-Tubes.jpg,challenged,200,,0,8
https://thetubepackaging.com/wp-content/uploads/2024/07/Kraft-Paper-Tubes-Packaging.jpg,challenged,200,,0,8
https://thetubepackaging.com/wp-content/uploads/2024/07/Custom-Lotion-Tubes-Packaging.jpg,challenged,200,,0,7
https://thetubepackaging.com/wp-content/uploads/2024/07/White-Lipstick-Packaging.jpg,challenged,200,,0,6
https://thetubepackaging.com/wp-content/uploads/2024/07/Custom-Paper-Lipstick-Tubes.jpg,challenged,200,,0,6
https://thetubepackaging.com/product-category/custom-paper-tubes/page/2/,challenged,200,,0,6
https://thetubepackaging.com/wp-content/uploads/2024/07/Custom-Empty-Lipgloss-Tubes.jpg,challenged,200,,0,6
https://thetubepackaging.com/product/cardboard-toilet-paper/?add-to-cart=96,challenged,200,,0,6
https://thetubepackaging.com/wp-content/uploads/2024/07/Custom-White-Lipstick-Tubes.jpg,challenged,200,,0,5
https://thetubepackaging.com/wp-content/uploads/2024/07/Custom-Deodorant-Paper-Tubes.jpg,challenged,200,,0,5
https://thetubepackaging.com/wp-content/uploads/2024/07/Custom-Tube-Food-Packaging.jpg,challenged,200,,0,5
https://thetubepackaging.com/wp-content/uploads/2024/07/Custom-Paper-Towel-Packaging.jpg,challenged,200,,0,5
https://thetubepackaging.com/wp-content/uploads/2024/07/Tube-Food-Packaging-300x300.jpg,challenged,200,,0,5
https://thetubepackaging.com/wp-content/uploads/2024/07/Custom-Large-Cardboard-Tubes.jpg,challenged,200,,0,5
https://thetubepackaging.com/wp-content/uploads/2024/07/White-Paper-Packaging.jpg,challenged,200,,0,5
https://thetubepackaging.com/wp-content/uploads/2024/07/Custom-Cardboard-Tube-Packaging.jpg,challenged,200,,0,5
https://thetubepackaging.com/product/cosmetic-tubes/?add-to-cart=127,challenged,200,,0,5
https://thetubepackaging.com/wp-content/uploads/2024/07/Custom-Square-Paper-Packaging.jpg,challenged,200,,0,4
https://thetubepackaging.com/wp-content/uploads/2024/07/Cylinder-Mailing-Packaging.jpg,challenged,200,,0,4
https://thetubepackaging.com/wp-content/uploads/2024/07/Tea-Paper-Packaging.jpg,challenged,200,,0,4
https://thetubepackaging.com/wp-content/uploads/2024/07/Tube-Plastic-Packaging.jpg,challenged,200,,0,4
https://thetubepackaging.com/wp-content/uploads/2026/02/hero-tube-packaging-1.png,challenged,200,,0,4
https://thetubepackaging.com/wp-content/uploads/2024/07/Custom-Kraft-Mailing-Tubes.jpg,challenged,200,,0,4
https://thetubepackaging.com/wp-content/uploads/2024/07/Paper-Lip-Balm-packaging.jpg,challenged,200,,0,4
https://thetubepackaging.com/wp-content/uploads/2024/07/Custom-Kraft-Paper-Tubes-Packaging.jpg,challenged,200,,0,4
https://thetubepackaging.com/wp-content/uploads/2024/07/Skincare-Tubes-Packaging.jpg,challenged,200,,0,4
https://thetubepackaging.com/product/wrapping-paper-tubes/?add-to-cart=86,challenged,200,,0,4
https://thetubepackaging.com/product/industrial-cardboard-tubes/?add-to-cart=76,challenged,200,,0,4
https://thetubepackaging.com/wp-content/uploads/2024/07/Custom-White-Lipstick-Packaging.jpg,challenged,200,,0,3
https://thetubepackaging.com/wp-content/uploads/2024/07/Tube-Food-Packaging.jpg,challenged,200,,0,3
https://thetubepackaging.com/wp-content/uploads/2024/07/Custom-Square-Paper-Tubes.jpg,challenged,200,,0,3
https://thetubepackaging.com/wp-content/uploads/2024/07/Shipping-Tubes.jpg,challenged,200,,0,3
https://thetubepackaging.com/wp-content/uploads/2024/07/Custom-Cardboard-Toilet-Packaging.jpg,challenged,200,,0,3
https://thetubepackaging.com/wp-content/uploads/2024/07/Custom-Candle-Tube-Packaging.jpg,challenged,200,,0,3
https://thetubepackaging.com/wp-content/uploads/2024/07/Luxury-Packaging.jpg,challenged,200,,0,3
https://thetubepackaging.com/product/cylinder-mailing-tubes/?add-to-cart=81,challenged,200,,0,3
https://thetubepackaging.com/wp-content/uploads/2024/07/Industrial-Cardboard-Tubes.jpg,challenged,200,,0,3
https://thetubepackaging.com/wp-content/uploads/2024/07/Custom-Small-Paper-Packaging.jpg,challenged,200,,0,3
https://thetubepackaging.com/wp-content/uploads/2024/07/Custom-Industrial-Cardboard-Tubes.jpg,challenged,200,,0,3
https://thetubepackaging.com/wp-content/uploads/2024/07/Deodorant-Paper-Packaging.jpg,challenged,200,,0,2
https://thetubepackaging.com/wp-content/uploads/2024/07/Wrapping-Paper-Tubes.jpg,challenged,200,,0,2
https://thetubepackaging.com/wp-content/uploads/2024/07/Custom-Round-Cardboard-Tubes.jpg,challenged,200,,0,2
https://thetubepackaging.com/wp-content/uploads/2024/07/Square-Paper-Packaging.jpg,challenged,200,,0,2
https://thetubepackaging.com/wp-content/uploads/2024/07/Custom-Industrial-Tubes-packaging.jpg,challenged,200,,0,2
https://thetubepackaging.com/wp-content/uploads/2024/07/Paper-Lipstick-Packaging.jpg,challenged,200,,0,2
https://thetubepackaging.com/wp-content/uploads/2024/07/Custom-Shipping-Tubes-Packaging.jpg,challenged,200,,0,2
https://thetubepackaging.com/wp-content/uploads/2024/07/Cardboard-Tube-Packaging-300x300.jpg,challenged,200,,0,2
https://thetubepackaging.com/wp-content/uploads/2024/07/Paper-Tubes-Packaging.jpg,challenged,200,,0,2
https://thetubepackaging.com/product/cardboard-paper-tubes/?add-to-cart=153,challenged,200,,0,2
https://thetubepackaging.com/wp-content/uploads/2024/07/Large-Paper-Packaging.jpg,challenged,200,,0,2
https://thetubepackaging.com/wp-content/uploads/2024/07/Custom-Large-Paper-Packaging.jpg,challenged,200,,0,2
https://thetubepackaging.com/product/tea-paper-tubes/?add-to-cart=206,challenged,200,,0,2
https://thetubepackaging.com/wp-content/uploads/2024/07/Custom-Black-Paper-Candle-Tubes-1.jpg,challenged,200,,0,2
https://thetubepackaging.com/wp-content/uploads/2024/07/Custom-Tea-Paper-Tubes.jpg,challenged,200,,0,2
https://thetubepackaging.com/wp-content/uploads/2024/07/Candle-Packaging.jpg,challenged,200,,0,2
https://thetubepackaging.com/wp-content/uploads/2024/07/Custom-Poster-Mailing-Tubes.jpg,challenged,200,,0,2
https://thetubepackaging.com/wp-content/uploads/2024/07/Custom-Poster-Mailing-Packaging.jpg,challenged,200,,0,2
https://thetubepackaging.com/wp-content/uploads/2024/07/Custom-Round-Cardboard-Packaging.jpg,challenged,200,,0,2
https://thetubepackaging.com/wp-content/uploads/2024/07/Large-Cardboard-Tubes-600x600.jpg,challenged,200,,0,2
https://thetubepackaging.com/product/paper-towel-tubes/?add-to-cart=158,challenged,200,,0,2
https://thetubepackaging.com/product/poster-mailing-tubes/?add-to-cart=81,challenged,200,,0,2
https://thetubepackaging.com/wp-content/uploads/2024/07/Custom-Empty-Lipgloss-Packaging.jpg,challenged,200,,0,2
https://thetubepackaging.com/product/round-cardboard-tubes/?add-to-cart=60,challenged,200,,0,2
https://thetubepackaging.com/product/white-paper-candle-tubes/?add-to-cart=153,challenged,200,,0,2
https://thetubepackaging.com/product/white-paper-candle-tubes/?add-to-cart=127,challenged,200,,0,2
https://thetubepackaging.com/product/industrial-cardboard-tubes/?add-to-cart=60,challenged,200,,0,2
https://thetubepackaging.com/product/poster-mailing-tubes/?add-to-cart=189,challenged,200,,0,2
https://thetubepackaging.com/product/skincare-tubes/?add-to-cart=216,challenged,200,,0,2
https://thetubepackaging.com/product/large-cardboard-tubes/?add-to-cart=60,challenged,200,,0,2
https://thetubepackaging.com/product/white-paper-tubes/?add-to-cart=206,challenged,200,,1,1
https://thetubepackaging.com/wp-content/uploads/2024/07/Poster-Mailing-Tubes-300x300.jpg,challenged,200,,0,1
https://thetubepackaging.com/product/kraft-paper-candle-tubes/?add-to-cart=111,200,200,,0,1
https://thetubepackaging.com/product/paper-lip-balm-tubes/?add-to-cart=116,challenged,200,,0,1
https://thetubepackaging.com/product/kraft-paper-tubes/?add-to-cart=164,challenged,200,,0,1
https://thetubepackaging.com/wp-content/uploads/2024/07/Large-Cardboard-Tubes.jpg,challenged,200,,0,1
https://thetubepackaging.com/wp-content/uploads/2024/07/Mailing-Tubes.jpg,challenged,200,,0,1
https://thetubepackaging.com/product/paper-lip-balm-tubes/?add-to-cart=132,challenged,200,,0,1
https://thetubepackaging.com/product/square-paper-tubes/?add-to-cart=206,challenged,200,,0,1
https://thetubepackaging.com/product/white-paper-tubes/?add-to-cart=132,challenged,200,,0,1
https://thetubepackaging.com/wp-content/uploads/2024/07/Industrial-Tubes-packaging.jpg,challenged,200,,0,1
https://thetubepackaging.com/wp-content/uploads/2024/07/Custom-Paper-Lip-Balm-Tubes.jpg,challenged,200,,0,1
https://thetubepackaging.com/product/kraft-paper-candle-tubes/?add-to-cart=206,challenged,200,,0,1
https://thetubepackaging.com/wp-content/uploads/2024/07/Paper-Tubes-300x300.jpg,challenged,200,,0,1
https://thetubepackaging.com/wp-content/uploads/2024/07/Custom-Food-Packaging.jpg,challenged,200,,0,1
https://thetubepackaging.com/wp-content/uploads/2024/07/Large-Cardboard-Tubes-300x300.jpg,challenged,200,,0,1
https://thetubepackaging.com/wp-content/uploads/2024/07/Custom-Skincare-Tubes.jpg,challenged,200,,0,1
https://thetubepackaging.com/wp-content/uploads/2024/07/Custom-Small-Paper-Tubes.jpg,challenged,200,,0,1
https://thetubepackaging.com/wp-content/uploads/2024/07/Tubes-packaging.jpg,challenged,200,,0,1
https://thetubepackaging.com/wp-content/uploads/2024/07/Round-Cardboard-Tubes-300x300.jpg,challenged,200,,0,1
https://thetubepackaging.com/wp-content/uploads/2024/07/Paper-Lip-Balm-Tubes.jpg,challenged,200,,0,1
https://thetubepackaging.com/wp-content/uploads/2024/07/Custom-Large-Paper-Tubes.jpg,challenged,200,,0,1
https://thetubepackaging.com/wp-content/uploads/2024/07/Empty-Lipgloss-Tubes-300x300.jpg,challenged,200,,0,1
https://thetubepackaging.com/wp-content/uploads/2024/07/Custom-Cylinder-Mailing-Packaging.jpg,challenged,200,,0,1
https://thetubepackaging.com/wp-content/uploads/2024/07/Kraft-Mailing-Tubes-1024x1024.jpg,challenged,200,,0,1
https://thetubepackaging.com/wp-content/uploads/2024/07/Paper-Towel-Tubes-300x300.jpg,challenged,200,,0,1
https://thetubepackaging.com/wp-content/uploads/2024/07/Custom-Large-Cardboard-Packaging.jpg,challenged,200,,0,1
https://thetubepackaging.com/wp-content/uploads/2024/07/White-Lipstick-Tubes.jpg,challenged,200,,0,1
https://thetubepackaging.com/wp-content/uploads/2024/07/Large-Cardboard-Packaging.jpg,challenged,200,,0,1
https://thetubepackaging.com/wp-content/uploads/2024/07/Large-Paper-Tubes-300x300.jpg,challenged,200,,0,1
https://thetubepackaging.com/wp-content/uploads/2024/07/Custom-Paper-Tubes-Packaging.jpg,challenged,200,,0,1
https://thetubepackaging.com/wp-content/uploads/2024/07/Industrial-Cardboard-Tubes-300x300.jpg,challenged,200,,0,1
https://thetubepackaging.com/wp-content/uploads/2024/07/Lotion-Tubes-300x300.jpg,challenged,200,,0,1
https://thetubepackaging.com/wp-content/uploads/2024/07/Custom-Round-Cardboard-Tubes-1024x1024.jpg,challenged,200,,0,1
https://thetubepackaging.com/wp-content/uploads/2024/07/Poster-Mailing-Tubes.jpg,challenged,200,,0,1
https://thetubepackaging.com/wp-content/uploads/2024/07/Custom-White-Paper-Tubes.jpg,challenged,200,,0,1
https://thetubepackaging.com/wp-content/uploads/2024/07/Custom-Cardboard-Paper-Packaging.jpg,challenged,200,,0,1
https://thetubepackaging.com/wp-content/uploads/2024/07/Custom-Tea-Paper-Packaging.jpg,challenged,200,,0,1
https://thetubepackaging.com/wp-content/uploads/2024/07/Small-Paper-Packaging.jpg,challenged,200,,0,1
https://thetubepackaging.com/wp-content/uploads/2024/07/Wrapping-Paper-Packaging.jpg,challenged,200,,0,1
https://thetubepackaging.com/product/white-paper-candle-tubes/?add-to-cart=226,challenged,200,,0,1
https://thetubepackaging.com/wp-content/uploads/2024/07/Custom-Plastic-Tube-Packaging.jpg,challenged,200,,0,1
https://thetubepackaging.com/wp-content/uploads/2024/07/Poster-Mailing-Packaging.jpg,challenged,200,,0,1
https://thetubepackaging.com/product/large-paper-tubes/?add-to-cart=164,challenged,200,,0,1
https://thetubepackaging.com/product/black-paper-candle-tubes/?add-to-cart=132,challenged,200,,0,1
https://thetubepackaging.com/product/black-paper-candle-tubes/?add-to-cart=96,challenged,200,,0,1
https://thetubepackaging.com/product/custom-shipping-tubes/?add-to-cart=81,challenged,200,,0,1
https://thetubepackaging.com/product/cardboard-paper-tubes/?add-to-cart=106,challenged,200,,0,1
https://thetubepackaging.com/product/paper-tubes/?add-to-cart=132,challenged,200,,0,1
https://thetubepackaging.com/product/empty-lotion-tubes/?add-to-cart=211,challenged,200,,0,1
https://thetubepackaging.com/product/paper-tubes/?add-to-cart=116,challenged,200,,0,1
https://thetubepackaging.com/product/custom-shipping-tubes/?add-to-cart=52,challenged,200,,0,1
https://thetubepackaging.com/product/paper-tubes/?add-to-cart=127,challenged,200,,0,1
https://thetubepackaging.com/product/square-paper-tubes/?add-to-cart=111,challenged,200,,0,1
https://thetubepackaging.com/product/large-paper-tubes/?add-to-cart=132,challenged,200,,0,1
https://thetubepackaging.com/product/large-paper-tubes/?add-to-cart=147,challenged,200,,0,1
